stari_url;novi_url_flat;gsc_hits_zabelezeno
/sportski-podovi/;/sportske-podloge/;7800
/izgrdanja-sportskig-terena/;/sportske-podloge/;6043
/podovi-za-baste-splavove-bazene/;/spoljnje-podne-obloge/;5740
/home/industrijski-podovi/ecotile-5007/;/industrijski-podovi/industrijski-pod/;3759
/home/industrijski-podovi/;/industrijski-podovi/;2659
/bergo-multisport/;/sportske-podloge/;2239
/podovi-za-terase/;/spoljnje-podne-obloge/;1776
/home/industrijski-podovi/esd-i-antistatik-podovi-ecotile/;/antistatik-i-elektroprovodljivi-podovi/;1756
/podovi-za-terase-podovi-za-baste-podovi-za-splavove-podovi-za-bazene/;/spoljnje-podne-obloge/;1623
/home/industrijski-podovi/industrijski-pod/;/industrijski-podovi/industrijski-pod/;1477
/sportski-podovi-podovi-za-3x3-podovi-za-rukomet-podovi-za-futsal/;/sportske-podloge/;1457
/sportska-podloga-za-odbojku/;/podloga-za-odbojkaske-terene/;1422
/home/industrijski-podovi/podne-ploce-ecotile-50010/;/industrijski-podovi/podne-ploce-ecotile-50010/;1052
/podovi-za-terase/bergo-multisport/;/sportske-podloge/;1049
/home/industrijski-podovi/ecotile-5005-podne-ploce/;/industrijski-podovi/ecotile-5005-podne-ploce/;975
/padel-tenis/;/pop-tenis/;963
/sportski-podovi-za-hale/;/sportski-podovi-za-sale-i-balone/;954
/sportski-tereni/;/sportske-podloge/;870
/kuca-i-dvoriste/;/spoljnje-podne-obloge/;780
/lvt-podovi-za-komercijalne-i-javne-prostore/expona-commercial/;/lvt-podovi-za-komercijalne-i-javne-prostore/vinil-podovi/;670
/lvt-podovi-za-komercijalne-i-javne-prostore/podovi-za-kancelarije-i-radnje-vinil-podovi-podovi-za-komercijalne-objekte/;/lvt-podovi-za-komercijalne-i-javne-prostore/kancelarije-i-poslovni-prostori/;664
/lvt-podovi-za-komercijalne-i-javne-prostore/podovi-za-poslovni-prostor-i-radnje-vinil-podovi-podovi-za-komercijalne-objekte/;/lvt-podovi-za-komercijalne-i-javne-prostore/kancelarije-i-poslovni-prostori/;631
/home/industrijski-podovi-najcesca-pitanja/;/industrijski-podovi-najcesca-pitanja/;615
/lvt-podovi-za-komercijalne-i-javne-prostore/vinil-podovi-za-restorane-hotele-kafice-kancelarije-i-poslovne-prostore/;/lvt-podovi-za-komercijalne-i-javne-prostore/vinil-podovi/;588
/lvt-podovi-za-komercijalne-i-javne-prostore/podovi-za-kancelarije-i-radnje/;/lvt-podovi-za-komercijalne-i-javne-prostore/kancelarije-i-poslovni-prostori/;581
/vinil-podovi-za-komercijalne-i-javne-prostore/;/lvt-podovi-za-komercijalne-i-javne-prostore/;493
/sportske-podloge/kosarkaskekonstrukcije/;/sportske-podloge/kosarkaske-konstrukcije/;382
/podovi-za-terase/za-vlazne-prostore-bergo-soft/;/spoljnje-podne-obloge/podovi-za-bazene/;362
/podovi-za-baste-podovi-za-splavove-podovi-za-bazene/;/spoljnje-podne-obloge/;326
/home/industrijski-podovi/garaze-i-autoservisi/;/industrijski-podovi/garaze-i-autoservisi/;314
/industrijski-podovi/trakezaobelezavanje/;/industrijski-podovi/trake-za-obelezavanje/;308
/sportski-podovi-za-skole-i-sportske-sale/;/zamena-parketa-u-sportskim-salama/;281
/podovi-za-garaze-i-servise/;/koji-pod-postaviti-u-garazu/;276
/home/industrijski-podovi/podovi-za-radnje-i-prodavnice/;/industrijski-podovi/podovi-za-maloprodajne-objekte/;268
/home/industrijski-podovi/pod-za-magacine/;/industrijski-podovi/industrijski-pod/;263
/home/o-nama-2/;/o-nama/;222
/lvt-podovi-za-komercijalne-i-javne-prostore/vinil-podovi-objectflor-expona-commercial/;/lvt-podovi-za-komercijalne-i-javne-prostore/vinil-podovi/;216
/lako-montazni-podovi-za-kretanje-teskih-vozila-privremeni-podovi/;/montazni-podovi-za-kretanje-teskih-vozila-privremeni-podovi/;202
/podovi-za-garaze/;/koji-pod-postaviti-u-garazu/;182
/kako-izabrati-pravi-industrijski-pod/;/osteceni-industrijski-pod/;166
/industrijski-podovi-kako-izabrati-industrijski-pod-koji-odgovara-vasim-zahtevima/;/osteceni-industrijski-pod/;162
/kako-izabrati-pravi-industrijski-pod-koji-odgovara-vasim-poterbama/;/osteceni-industrijski-pod/;161
/ergonomski-podovi/;/ergonomske-podloge-2/;160
/podovi-za-kretanje-teskih-vozila-preko-zemlje-trave-peska/;/montazni-podovi-za-kretanje-teskih-vozila-privremeni-podovi/;157
/podovi-za-terase-podovi-za-baste-podovi-za-splavove-podovi-za-bazene/za-vlazne-prostore-bergo-soft/;/spoljnje-podne-obloge/;154
/bergo-ultimate-i-ultimate-plus-nova-generacija-sportskih-podova/;/na-kojoj-podlozi-se-igraju-turniri-u-3x3/;116
/home/industrijski-podovi-montaza-preko-ostecenog-epoksida/;/industrijski-podovi-montaza-preko-ostecenog-epoksida/;106
/naslovna/industrijski-podovi/ecotile-5006-podne-ploce/;/industrijski-podovi/ecotile-5005-podne-ploce/;97
/category/industrijski-podovi/pod-za-garaze/;/category/industrijski-podovi/garazni-podovi/;96
/kafici-i-restorani/;/spoljnje-podne-obloge/;93
/o-nama-2/;/o-nama/;81
/o-cemu-treba-voditi-racuna-prilikom-ugradnje-industrijskog-poda/;/ugradnje-industrijskog-poda/;58
/podovi-za-terase/bergo-easy/podloge-za-sajmove-i-promocije/;/spoljnje-podne-obloge/bergo-easy/;54
/vinil-podovi-za-komercijalne-i-javne-prostore/vinil-podovi-objectflor-expona-commercial/;/lvt-podovi-za-komercijalne-i-javne-prostore/vinil-podovi/;43
/naslovna/industrijski-podovi/podovi-za-radnje-i-prodavnice/;/industrijski-podovi/podovi-za-maloprodajne-objekte/;43
/sportski-teren-za-decu/;/sportska-igralista/;28
/naslovna/industrijski-podovi/ecotile-5007/;/industrijski-podovi/industrijski-pod/;17
/naslovna/industrijski-podovi/garaze-i-autoservisi/;/industrijski-podovi/garaze-i-autoservisi/;2
/pvc-podne-ploce-ili-gumeni-podovi-za-garazu/;/pvc-podne-ploce-ili-gumeni-podovi/;0
/gumeni-podovi/;/industrijski-podovi/podovi-za-teretane-i-fitnes-centre/;0
/podovi-za-terase/bergo-multisport/ispunjava-fiba-standard/;/sportske-podloge/;0
/podne-obloge-podovi-za-kontejnere-i-montazne-objekte/;/podne-ploce-podovi-za-kontejnere-i-montazne-objekte/;0
