query;clicks;impressions;ctr;position
antas line;436;779;0,5597;1,0988
podloga za kosarkaski teren cena;346;1133;0,3054;2,2789
vestacka trava za fudbal cena;337;1211;0,2783;1,9125
antistatik pod;282;1802;0,1565;1,5866
podloga za košarkaški teren;277;628;0,4411;1,3248
teren za basket dimenzije;263;1132;0,2323;1,3949
gumeni podovi za terase cena;250;4221;0,0592;3,9576
bergo podloge cena;209;960;0,2177;2,6635
dimenzije terena za basket;186;836;0,2225;1,3708
gumeni tepih za terasu;171;1945;0,0879;1,0468
antistatik podovi;166;787;0,2109;2,1881
industrijski podovi;161;6321;0,0255;7,243
podloga za parking;157;1105;0,1421;1,5014
podovi za radionice;144;1897;0,0759;3,5488
dimenzije table za kos;137;2729;0,0502;1,0755
bergo podloge;136;1444;0,0942;6,3213
vestacka trava za fudbal;136;411;0,3309;1,6837
kosarkaski teren dimenzije;135;3665;0,0368;1,1653
izgradnja teniskog terena cena;135;576;0,2344;3,2326
ftalati;131;1973;0,0664;4,6533
dimenzije košarkaškog terena;123;4792;0,0257;1,7473
dimenzije kosarkaskog terena;119;3863;0,0308;1,4437
podovi za terase;112;3997;0,028;10,5932
gumene podloge za terasu;110;1637;0,0672;1,3653
podne obloge za terasu;109;3609;0,0302;12,3034
teren za basket;105;819;0,1282;1,1184
dimenzije terena za basket 3 na 3;105;655;0,1603;1,8641
dimenzije kosarkaske table;104;1598;0,0651;1,0482
podne obloge za dvoriste;103;2838;0,0363;3,1723
sta staviti preko parketa;103;756;0,1362;3,4815
dimenzije košarkaške table;94;1457;0,0645;1,024
košarkaški teren dimenzije;82;2123;0,0386;1,5422
gumeni podovi za terase;76;1358;0,056;5,3446
podloga za basket;76;165;0,4606;1,2121
sportske podloge cena;75;316;0,2373;1,8323
podloge za terasu;74;2177;0,034;9,587
dimenzije terena za basket 3x3;73;680;0,1074;1,4456
podloga za kosarku;72;186;0,3871;1,2258
plasticne staze za dvoriste;71;577;0,1231;2,2322
plastika za parking;67;377;0,1777;1,3236
podovi za garaze;66;2244;0,0294;8,1439
teren za kosarku;66;1203;0,0549;1,0457
košarkaški teren;64;2556;0,025;2,946
podloge za parking;64;315;0,2032;1,1302
kosarkaski teren;62;4438;0,014;1,813
veštačka trava za fudbal;55;106;0,5189;1,1792
podloga za terene;54;176;0,3068;1,642
padel teren dimenzije;53;3133;0,0169;1,2218
podloga za terasu;52;1910;0,0272;10,4487
dimenzije basket terena;51;234;0,2179;1,4145
bergo podloga cena;51;199;0,2563;3,1859
sportski podovi;49;1015;0,0483;10,4985
pod za garazu;48;1684;0,0285;8,6027
spoljne podne obloge;48;931;0,0516;6,5177
kosevi sa konstrukcijom;47;474;0,0992;7,8312
basket teren dimenzije;46;258;0,1783;1,4845
vinil podovi za terase;45;1216;0,037;8,611
podloga za kosarkaski teren;45;142;0,3169;1,6901
kosarkaska tabla dimenzije;44;752;0,0585;1,0798
dimenzije koša za košarku;44;675;0,0652;1,0252
sportske podloge;42;764;0,055;11,4751
podloga za košarkaški teren cijena;42;173;0,2428;2,7514
podloga oko bazena;41;475;0,0863;1,1389
teren za basket 3x3 dimenzije;41;354;0,1158;1,6723
podloga za sportske terene;41;132;0,3106;1,4924
tabla za kos dimenzije;40;1086;0,0368;1,0147
dimenzije padel terena;39;2386;0,0163;1,1936
gumeni podovi za garaze cena;39;830;0,047;7,9627
gumeni podovi za štale;39;377;0,1034;1,3846
antistatik pod cena;39;166;0,2349;2,4337
podna obloga za terasu;37;920;0,0402;9,0967
košarkaška tabla dimenzije;37;638;0,058;1,0439
gumeni podovi za radionice;37;602;0,0615;5,7791
plasticne podloge za parking;36;182;0,1978;1,1429
podovi za kancelarije;35;764;0,0458;1,9018
kosarkaske konstrukcije;35;297;0,1178;7,7205
pod za terasu;34;1326;0,0256;12,8107
dimenzije terena za kosarku;34;515;0,066;1,4466
sljaka za teniski teren cena;32;614;0,0521;6,0619
visina košarkaškog koša;31;2020;0,0153;1,351
konstrukcija za kos uradi sam;31;572;0,0542;3,9948
padel dimenzije terena;29;959;0,0302;1,2106
dimenzije košarkaškog igrališta;29;909;0,0319;1,2244
vinil u rolni;29;333;0,0871;4,3784
podovi oko bazena;29;260;0,1115;1,9615
antistatički pod;29;247;0,1174;3,4696
dimenzije table za košarku;28;410;0,0683;1,6732
industrijski linoleum;28;378;0,0741;6,7751
sljunak za parking;28;281;0,0996;5,9039
pod za radionicu;27;433;0,0624;5,4018
koš sa konstrukcijom;26;358;0,0726;8,6145
pvc podovi;25;1414;0,0177;14,4187
gumeni podovi;25;1221;0,0205;18,7215
podloga za garazu;25;605;0,0413;8,1636
podovi za magacine;24;436;0,055;4,0206
pvc podovi za radionice;24;406;0,0591;6,1256
podne obloge za garazu;24;383;0,0627;8,4073
staza za auto u dvoristu;24;319;0,0752;5,511
tribine za sportske terene;24;248;0,0968;5,4194
dimenzije koša;23;489;0,047;1,1166
podloga za travu;23;478;0,0481;1,2301
konstrukcija za kos;23;440;0,0523;7,4
podovi za dvoriste;23;410;0,0561;3,0659
podloga za padel;23;323;0,0712;5,644
teren za košarku dimenzije;23;291;0,079;1,1581
sportski podovi cena;23;272;0,0846;6,2684
kosarkaska konstrukcija;23;184;0,125;8,3207
polovna vestacka trava za fudbal cena;23;166;0,1386;2,1205
izrada teniskih terena;23;151;0,1523;4,8675
kako napraviti teniski teren;22;561;0,0392;4,6934
tabla za košarku dimenzije;22;352;0,0625;1,0341
teren za kosarku dimenzije;22;340;0,0647;1,3676
obloge oko bazena;22;340;0,0647;1,3912
cena izgradnje teniskog terena;22;62;0,3548;3
podne obloge za terase;21;1387;0,0151;25,2293
dimenzije kosarkaskog terena fiba;21;784;0,0268;1,5855
podovi za hale;21;651;0,0323;5,5238
podloge za dvoriste;21;563;0,0373;7,4867
industrijski podovi cena;21;470;0,0447;7,4404
ploce za parking;21;305;0,0689;6,3508
kos sa konstrukcijom;21;225;0,0933;8,6178
tartan cena za m2;20;620;0,0323;9,671
podloga za dvoriste;20;524;0,0382;7,4122
kosarkaski tereni;20;368;0,0543;2,5788
pvc podovi za garaze cena;19;685;0,0277;8,8701
podloge za kosarkaski teren;19;45;0,4222;2,0222
industriski podovi;18;840;0,0214;6,4845
odbojnici za zidove;18;471;0,0382;7,0425
smolni podovi;18;463;0,0389;5,5918
podloga za terase;18;428;0,0421;3,6893
konstrukcija za koš;18;294;0,0612;9,2823
tucanik za parking;18;241;0,0747;5,9544
neklizajuce podloge oko bazena;18;151;0,1192;1,6026
cena teniskog terena;18;135;0,1333;4,9926
plasticno sace za parking;18;87;0,2069;3,5402
dunk shop teren;17;519;0,0328;6,0077
pvc podovi za terase;17;436;0,039;10,2913
pvc podovi za garaze;17;385;0,0442;8,3558
gumeni pod za garazu;17;365;0,0466;7,4877
podloga za bastu;17;297;0,0572;2,9057
podloga za teniski teren cijena;17;281;0,0605;7,968
pod za radionice;17;222;0,0766;5,8108
lvt podovi;16;1719;0,0093;15,4729
industrijski pod;16;1613;0,0099;10,7136
tereni za kosarku;16;179;0,0894;2,095
tereni za basket;16;127;0,126;2,063
bergo podovi;16;119;0,1345;5,3445
industrijski podovi cena po m2;15;841;0,0178;8,7051
garazni podovi;15;422;0,0355;6,5237
tartan podloga cena;15;359;0,0418;9,4401
dimenzija košarkaške table;15;298;0,0503;1
teren za košarku;15;237;0,0633;1,097
podne obloge oko bazena;15;164;0,0915;1,4207
podne obloge za radionice;15;153;0,098;7,8693
gumene podne obloge za terase;15;114;0,1316;1,7456
epoksidni podovi za terase;14;1499;0,0093;8,8572
podloge za terase;14;604;0,0232;16,3924
podovi za garazu;14;347;0,0403;8,3026
pvc podovi za garaže;14;323;0,0433;9,4799
pvc pod za garazu;14;300;0,0467;9,26
trava za fudbalske terene;14;290;0,0483;6,3414
pločice preko parketa;14;135;0,1037;6,6815
podloge za bastu;14;121;0,1157;2,719
plastična podloga za parking;14;48;0,2917;1,1875
podloge za sportske terene;14;38;0,3684;1,6579
epoksidni podovi;13;2064;0,0063;17,3769
dimenzije terena za padel;13;708;0,0184;1,5141
us open podloga;13;431;0,0302;4,9374
industrijske podne obloge;13;404;0,0322;4,5916
kosarkaski teren crtez;13;384;0,0339;1,0365
podloga za kontejner;13;360;0,0361;5,9972
lepljenje plocica preko parketa;13;344;0,0378;7,6424
basket teren;13;306;0,0425;1,1144
podloge za terase i balkone;13;258;0,0504;5,0814
staze za auto u dvoristu;13;192;0,0677;5,9844
koliko kosta izgradnja teniskog terena;13;73;0,1781;5,863
podovi za terasu;12;348;0,0345;9,4569
kako napraviti koš za košarku;12;296;0,0405;1,8345
dimenzije table za koš;12;262;0,0458;1
pvc podne obloge za terase;12;217;0,0553;10,5853
pvc industrijski podovi;12;119;0,1008;3,9664
sportska podloga;12;43;0,2791;3,2326
vestacka trava za fudbalski teren;12;19;0,6316;1,7895
dimenzije kosarkaskog terena u evropi;11;902;0,0122;1,5177
teren za padel dimenzije;11;813;0,0135;1,4772
košarkaško igralište dimenzije;11;680;0,0162;1,3897
velicina kosarkaskog terena;11;477;0,0231;1,4822
tartan podloga;11;476;0,0231;10,3025
pod oko bazena;11;253;0,0435;3,0949
padel podloga;11;242;0,0455;5,9711
sportski pod;11;240;0,0458;5,1333
podovi za radionice cena;11;216;0,0509;7,6806
teniski teren cena izgradnje;11;172;0,064;6,3314
podloge oko bazena;11;163;0,0675;1,0675
industrijski pvc podovi;11;158;0,0696;4,3987
galerija kosarkaski teren;11;92;0,1196;2,1304
podovi za auto servise;11;78;0,141;3,6795
podovi za garaže;10;606;0,0165;22,297
izgradnja teniskog terena cijena;10;356;0,0281;8,0225
dimenzija kosarkaskog terena;10;333;0,03;1,4294
sljaka za teniski teren;10;195;0,0513;5,2308
podovi za baste kafica;10;189;0,0529;1,2646
šljunak za parking;10;187;0,0535;6,9947
gumeni podovi za garaze;10;162;0,0617;8,7963
kosevi za dvoriste;10;154;0,0649;24,9221
antas;10;153;0,0654;5,4118
bergo podne obloge cijena;10;141;0,0709;7,5461
ploče za parking;10;118;0,0847;6,5424
izrada teniskog terena;10;107;0,0935;5,4112
podloga za teren;10;20;0,5;1,15
dimenzije odbojkaškog terena;9;1877;0,0048;1,6921
podloge za garazu;9;228;0,0395;7,2851
podloga za teniski teren;9;182;0,0495;5,2692
gumene podloge za garazu;9;137;0,0657;8,5985
industrijski pvc podovi cena;9;129;0,0698;7,6589
gumena podloga za sportske terene;9;54;0,1667;2,4259
padel dimenzije;8;546;0,0147;1,033
tabla za kos uradi sam;8;484;0,0165;3,5372
lvt podovi cena;8;356;0,0225;13,8343
dimenzije kosa;8;308;0,026;1,2143
plasticna podloga;8;221;0,0362;7,4027
pod za garažu;8;178;0,0449;19,618
obloge za terasu;8;163;0,0491;11,8712
bergo podloge cijena;8;151;0,053;8,6954
podne podloge za terase;8;150;0,0533;7,4867
gumeni pod za garazu cena;8;125;0,064;9,48
plasticna podloga za travu;8;124;0,0645;1,2016
podovi za teretane;8;117;0,0684;13,4615
podovi za garaze cena;8;113;0,0708;8,5133
plasticne podloge;8;107;0,0748;8,486
ftalati u plastici;8;95;0,0842;3,8421
parking ploče;8;91;0,0879;7,2857
odbojkaski teren dimenzije;7;691;0,0101;1,0912
dimenzija table za kos;7;332;0,0211;1,0813
garažni podovi;7;249;0,0281;13,3614
plasticni pod za garazu;7;180;0,0389;8,7333
gumene podloge za terase;7;174;0,0402;5,431
gumeni podovi za radionice cena;7;172;0,0407;6,3895
trava za stadione;7;160;0,0437;6,4062
podovi za baste;7;154;0,0455;1,1558
podne obloge za bastu;7;146;0,0479;3,5616
košarkaška konstrukcija;7;111;0,0631;8,9099
kako napraviti teren za mali fudbal;7;107;0,0654;2,9533
gumeni podovi za teretane;7;101;0,0693;14,5248
multifunkcionalne podloge cena;7;92;0,0761;5,7826
plocice za parking;7;71;0,0986;6,9718
podloge za dvorista;7;63;0,1111;5,0952
plastične rešetke za parking;7;48;0,1458;7,3333
koševi za košarku;7;38;0,1842;17,3947
padel teren;6;2507;0,0024;2,3067
dimenzije fudbalskog terena;6;2212;0,0027;1,642
teren za padel;6;928;0,0065;2,1358
teren za odbojku;6;783;0,0077;1,1558
industrijski i sport;6;654;0,0092;1
visina koša za košarku;6;597;0,0101;1,0318
dimenzija padel terena;6;479;0,0125;3,6326
podovi za restorane;6;440;0,0136;6,8773
visina obruča u košarci;6;397;0,0151;2,005
plasticne ploce za terase;6;339;0,0177;9,5546
kosarka teren dimenzije;6;273;0,022;1,2747
obloge za terase i dvorista;6;241;0,0249;1,5228
padok za konje;6;206;0,0291;1,966
podne obloge za terasu cena;6;204;0,0294;7,5196
garazni pod;6;187;0,0321;7,2834
dimenzije terena za odbojku na pesku;6;172;0,0349;2,814
vinil preko parketa;6;144;0,0417;7,6597
basketball teren;6;136;0,0441;1,5588
tartan kocke;6;124;0,0484;8,4516
obruc za kos dimenzije;6;119;0,0504;2,4118
profesionalni koš za košarku;6;103;0,0583;9,6893
table za košarku;6;100;0,06;10,78
montažni koš za košarku;6;89;0,0674;11,4719
podloga za garaže;6;87;0,069;8,908
izgradnja teniskog terena;6;83;0,0723;7,253
trava za fudbalske terene cena;6;75;0,08;3,7867
pvc podloge;6;75;0,08;11,6933
teren za basket 3x3;6;67;0,0896;1,7612
ecotile;6;44;0,1364;2,3864
profesionalni kosevi;6;41;0,1463;3,4634
vinil podovi u rolnama;6;40;0,15;3,35
montazni podovi;6;31;0,1935;2,4839
3x3 podloga;6;24;0,25;1,7083
epoksidni pod;5;1357;0,0037;4,899
montažni podovi;5;971;0,0051;16,826
antistatik;5;625;0,008;11,584
podloge za bazene;5;479;0,0104;43,5115
dimenzije kosarkaskog terena u nba;5;392;0,0128;2,4439
pvc podovi cena;5;281;0,0178;24,669
gumirani podovi;5;202;0,0248;8,4901
spanoulis teren;5;183;0,0273;1,4208
bastenske podne obloge;5;172;0,0291;7,9419
podloga za zemlju;5;149;0,0336;1,3893
gumene ploce za pod;5;141;0,0355;8,4539
plocice za radionicu;5;141;0,0355;6,8723
podloga za pod;5;138;0,0362;22,0507
koš dimenzije;5;127;0,0394;1,0079
esd podloga;5;126;0,0397;9,4762
gumeni podovi za dvoriste;5;119;0,042;2,8571
gumena zastita za zid;5;118;0,0424;8,322
podloga za garaze;5;113;0,0442;10,7168
kako napraviti tablu za kos;5;105;0,0476;3,9238
ploce za podove;5;92;0,0543;9,7283
bergo elite;5;91;0,0549;17,967
industrijski vinil podovi;5;90;0,0556;4,8556
podovi za radione;5;76;0,0658;9,2632
pločice za parking;5;74;0,0676;8,8243
postavljanje pločica preko parketa;5;73;0,0685;8,6438
kos za dvoriste;5;72;0,0694;13,5139
podne obloge preko plocica;5;59;0,0847;8,4915
terase podovi;5;55;0,0909;8,6909
podloga za radionicu;5;54;0,0926;5,8148
veštačka trava za terasu;5;52;0,0962;23,5962
smolasti pod;5;31;0,1613;6,4839
ploče oko bazena;5;30;0,1667;12,1
kosarkaski teren galerija;5;16;0,3125;1,5625
ecotile e500/7;5;12;0,4167;5,9167
atlas line;5;9;0,5556;1,4444
sljaka;4;5901;0,0007;4,0093
dimenzije teniskog terena;4;3878;0,001;5,8816
vestacka trava;4;950;0,0042;33,7547
visina kosa u kosarci;4;763;0,0052;1,3185
veštačka trava;4;460;0,0087;35,6978
antistatik laminat;4;442;0,009;8,0588
podovi za poslovne prostore;4;422;0,0095;3,6919
pvc pod;4;350;0,0114;19,1114
plasticni podovi;4;235;0,017;9,9362
obloge za terase;4;233;0,0172;11
bergo;4;228;0,0175;11,2982
кошаркашки терен;4;211;0,019;2,4929
sirina kosarkaskog terena;4;203;0,0197;1,1773
pod za terase;4;179;0,0223;12,0559
pvc trake za podove;4;160;0,025;5,5812
pod za garaze;4;156;0,0256;8,6154
industrijski podovi za garaže;4;139;0,0288;14,0647
pod u garazi;4;136;0,0294;7,2426
pod za bastu;4;130;0,0308;6,2
spanoulis court belgrade;4;120;0,0333;1,3
podloge za tenis;4;120;0,0333;6,9667
bergo ultimate;4;119;0,0336;5,4958
koš za dvorište;4;108;0,037;11,7407
gumeni pod za garažu;4;107;0,0374;9,1028
vestacka trava za teretanu;4;107;0,0374;8,0093
parket preko parketa;4;106;0,0377;8,2358
kos konstrukcija;4;104;0,0385;6,8269
bergo podloga;4;99;0,0404;5,7071
pvc podne obloge za garazu;4;88;0,0455;10,7386
obloga za terasu;4;78;0,0513;12,7179
gumena podloga za garazu;4;77;0,0519;8,5714
dimenzije table za kosarku;4;77;0,0519;1,3377
koš konstrukcija;4;75;0,0533;10,4933
podne obloge za garažu;4;68;0,0588;12,2647
linoleum za terasu;4;61;0,0656;9,8033
gumeni tepisi za terase;4;60;0,0667;4,5
gumena podloga za terasu;4;55;0,0727;1,7273
tabla za kosarku;4;53;0,0755;17,8302
podloge za balkon;4;52;0,0769;8,5962
gumeni pod za radionice;4;52;0,0769;4,0577
košarkaški koš;4;39;0,1026;4,359
podne obloge terasa;4;36;0,1111;11,0278
bergo podne obloge;4;25;0,16;4,12
sportski podovi za dvorane;4;23;0,1739;6,3913
pickleball oprema;4;21;0,1905;6,2381
gumeni podovi crna gora;4;21;0,1905;16,1905
plasticna podloga za teren;4;20;0,2;3,3
gumene podloge za teretanu;4;19;0,2105;32,0526
liveni tartan cena;4;15;0,2667;14,3333
industrijskih pod;4;14;0,2857;3,2857
vestacka trava za dvorista;4;8;0,5;16
teniski teren dimenzije;3;1421;0,0021;3,2196
podovi za autoservise;3;442;0,0068;6,5407
teren za odbojku dimenzije;3;425;0,0071;1,4212
epoxidni podovi;3;301;0,01;10,402
visina obruca za kosarku;3;277;0,0108;1,2852
spanulis teren;3;264;0,0114;1,5189
industrijski pod cena;3;200;0,015;8,01
plasticni podovi za garaze;3;190;0,0158;8,9895
ploce za garazu;3;167;0,018;9,8383
plasticne plocice za garazu;3;164;0,0183;9,4695
luksuzni vinil podovi;3;160;0,0187;9,5125
piklbol teren;3;153;0,0196;7,3007
precnik obruca za kosarku;3;142;0,0211;1,7324
pod za dvoriste;3;136;0,0221;9,8235
kos sa tablom;3;131;0,0229;9,5878
gumene ploce za garazu;3;123;0,0244;8,2195
odbojka dimenzije terena;3;122;0,0246;3,1148
sportski teren;3;119;0,0252;4,9832
industriski pod;3;115;0,0261;5,9913
kosarkaske table;3;115;0,0261;10,5391
košarka teren;3;114;0,0263;6,4035
šljaka za teniske terene;3;113;0,0265;6,5133
plasticne podloge za terase;3;112;0,0268;8,6786
dimenzije reketa u kosarci;3;110;0,0273;1,4455
industrijski podovi cijena po m2;3;98;0,0306;16,4286
teren za tenis;3;86;0,0349;1,8953
podovi za garažu;3;84;0,0357;13,7976
linoleum za terase;3;83;0,0361;12,2892
podloga za balkon;3;79;0,038;9,6835
pvc ploce za garazu;3;71;0,0423;7,5915
plastika za podove;3;70;0,0429;8,9571
montazni kosevi za kosarku;3;67;0,0448;9,194
pvc podovi za terase cena;3;66;0,0455;16,3939
podloge za dvorišta;3;64;0,0469;6,8125
košarka dimenzije terena;3;63;0,0476;1,6508
dimenzija kosarkaske table;3;62;0,0484;1,0323
obloga za terase;3;59;0,0508;5,1695
pickleball beograd;3;57;0,0526;12,1754
spanulis court;3;54;0,0556;1,463
mere kosarkaskog terena;3;54;0,0556;1
izrada teniskih terena od sljake;3;53;0,0566;3,434
industrijski vinil;3;51;0,0588;5,2157
prostirka za terasu;3;50;0,06;6,1
pvc ploče za pod;3;49;0,0612;8,4694
bergo unique;3;49;0,0612;4,6327
podloge za pod;3;43;0,0698;23,5349
mreža za parking;3;41;0,0732;8,0732
debljina ploce za garazu;3;40;0,075;6,45
koš za košarku;3;39;0,0769;25,5128
da;3;36;0,0833;3,0833
gumena zastita za ivice;3;35;0,0857;7,7714
konstrukcija za košarkaški koš;3;34;0,0882;5,0294
podloga za oko bazena;3;34;0,0882;1,5588
teren za mali fudbal cena;3;34;0,0882;9
plasticne plocice za terasu;3;30;0,1;5,4333
kos za kosarku;3;30;0,1;24,1
saće za šljunak;3;29;0,1034;7,5172
sljaka cena;3;28;0,1071;8,0714
tartan cena;3;27;0,1111;10,5185
podloga za padel terene;3;27;0,1111;3,7407
dimenzije 3x3 terena;3;23;0,1304;1,0435
kos sa tablom cena;3;23;0,1304;10,087
tartan podloga za kosarku;3;20;0,15;1,2
košarkaško igralište;3;18;0,1667;21,5
bergo solid;3;17;0,1765;2,7059
podloga za konje;3;15;0,2;1
izgradnja terena za basket;3;10;0,3;1,1
vestacka.trava;3;5;0,6;44,2
šljaka;2;3121;0,0006;5,3704
teren;2;1309;0,0015;5,204
podovi;2;759;0,0026;38,0145
dimenzije terena za odbojku;2;562;0,0036;2,1246
visina koša u košarci;2;550;0,0036;2,0564
odbojkaški teren;2;482;0,0041;1,6494
dimenzije odbojkaškog igrališta;2;473;0,0042;1,3869
visina koša;2;387;0,0052;1
koliko je dugacak kosarkaski teren;2;363;0,0055;2,4959
ftalat;2;304;0,0066;57,0592
prečnik košarkaškog obruča;2;294;0,0068;1,3673
sta je sljaka;2;281;0,0071;6,6655
dimenzije futsal terena;2;231;0,0087;1,1429
oprema za pickleball;2;229;0,0087;25,2052
gumene podne obloge;2;208;0,0096;33,3606
dimenzije košarkaškog terena nba;2;202;0,0099;2,198
kosarka teren;2;180;0,0111;2,0056
kolika je visina kosa u kosarci;2;173;0,0116;2,2428
plastični podovi za terase;2;162;0,0123;12,1296
sportski tereni;2;157;0,0127;10,1911
dimenzije obruca za kosarku;2;156;0,0128;1,6667
vestacka trava za terasu;2;129;0,0155;20,7984
vestacka trava za dvoriste;2;126;0,0159;15,0952
gumene plocice;2;119;0,0168;9,4958
podne plocice za garazu;2;108;0,0185;8,5648
košarkaški tereni;2;107;0,0187;10,7103
zelena podloga za terase;2;107;0,0187;8,8692
podloga za garažu;2;103;0,0194;10,8252
odbojkaško igralište dimenzije;2;99;0,0202;1,3434
visina košarkaškog obruča;2;98;0,0204;1,0408
garažni pod;2;93;0,0215;25,0323
plastični podovi;2;90;0,0222;10,2222
plasticni pod;2;89;0,0225;12,7079
gumirana podloga za pod;2;87;0,023;9,1609
pvc podloge za terase;2;86;0,0233;8,9186
koš za košarku dimenzije;2;84;0,0238;1
plasticni podovi za baste;2;83;0,0241;6,1807
gumene plocice za garazu;2;82;0,0244;7,9024
za terasu pod;2;82;0,0244;9,1098
podne obloge za dvorište;2;81;0,0247;4,4321
tabla za košarku;2;75;0,0267;16,2133
kosevi;2;74;0,027;23,4865
koliko kosta teniski teren;2;73;0,0274;7,2055
plasticne podloge za travnjake;2;68;0,0294;2,1912
podovi za bazene;2;67;0,0299;2,597
koševi;2;67;0,0299;17,5672
фталати;2;67;0,0299;24,0896
gumene ploče za pod;2;66;0,0303;10,9242
podloge za garaže;2;63;0,0317;8,2063
pvc pod za terase;2;59;0,0339;10,5932
tartan podloga cijena;2;55;0,0364;8,6
trava za stadione cena;2;55;0,0364;6,2
podloga za vestacku travu;2;53;0,0377;10,0377
plastična podloga za travu;2;52;0,0385;1,9423
podloga za epoksidni pod;2;52;0,0385;3,9808
podovi za terase i balkone;2;51;0,0392;8,1765
podloga za igraliste;2;51;0,0392;8,8039
industrijskih podovi;2;50;0,04;5,4
kos sa konstrukcijom cena;2;49;0,0408;8,0816
košarkaške table;2;47;0,0426;10,2128
pvc podloga za terasu;2;46;0,0435;9,1957
pod terase;2;45;0,0444;13,9778
najbolji pod za garazu;2;44;0,0455;6,7955
pvc ploce za pod;2;44;0,0455;8,3182
podne pločice za garažu;2;43;0,0465;9,5349
podne obloge za bazene;2;42;0,0476;1,1905
kos konstrukcija cena;2;41;0,0488;6,6585
gumene ploce;2;41;0,0488;29,0244
gumene podloge za garažu;2;41;0,0488;8,3415
reflektori za sportske terene cena;2;40;0,05;9,95
kako sanirati beton koji se kruni;2;40;0,05;19,075
dunkshop teren;2;40;0,05;4,275
kos u dvoristu;2;40;0,05;1,85
table za kosarku;2;37;0,0541;9,9189
plasticne kocke za pod;2;37;0,0541;16,6757
podloge za radionice;2;35;0,0571;3,8
izgradnja padel terena;2;35;0,0571;13,2571
linoleum preko parketa;2;34;0,0588;6,4412
kos dimenzije;2;33;0,0606;1
pvc podloga za pod;2;32;0,0625;15,1875
tabla za kosarku dimenzije;2;32;0,0625;1
parking ploce;2;31;0,0645;8,6129
3x3 teren dimenzije;2;30;0,0667;1,6
obruc za kos;2;30;0,0667;20,2667
podovi za spoljne terase;2;29;0,069;6,9655
teron podna obloga;2;27;0,0741;10,6296
kos za basket;2;27;0,0741;10,6296
podloga za dvorište;2;27;0,0741;9,2593
velicina kosarkaske table;2;27;0,0741;1
beton tenis;2;26;0,0769;1,5
podne obloge za balkon;2;26;0,0769;21,1538
dimenzije kosarkaskog igralista;2;24;0,0833;1,4167
košarkaški teren skica;2;24;0,0833;1
kosarkaska tabla;2;23;0,087;34,7391
rešetke za parking;2;23;0,087;7,2174
obloge za dvoriste;2;23;0,087;8,913
rešetke za stabilizaciju šljunka cena;2;22;0,0909;10,5
montazne staje za konje;2;22;0,0909;8,4545
quectel beograd;2;22;0,0909;22,5455
padel teren podloga;2;20;0,1;7,2
podloga za letnjikovac;2;20;0,1;8,5
gumeni podovi za teretanu;2;17;0,1176;24,3529
staze za auto;2;17;0,1176;7,2353
podloga za sportske terene cena;2;15;0,1333;1,6
pvc pod za radionice;2;14;0,1429;6,3571
gumene podloge za dvoriste;2;14;0,1429;9,2857
linoleum;2;13;0,1538;9,1538
podovi pvc;2;12;0,1667;8,1667
plasticne podloge za podove;2;12;0,1667;9,25
pod za oko bazena;2;12;0,1667;1,75
dimenzije kosarkaske table i kosa;2;11;0,1818;1
reflektori za igrališta;2;11;0,1818;4,0909
oprema za sportske dvorane;2;10;0,2;4,9
akrilne sportske podloge;2;9;0,2222;13,8889
kosevi za kosarku;2;9;0,2222;17,2222
pod za podrum;2;8;0,25;8,5
protivklizne gumene podloge;2;8;0,25;8,625
lidl vestacka trava;2;7;0,2857;16,7143
lvt cena;2;7;0,2857;15,7143
vinil za terase;2;7;0,2857;6,8571
gde kupiti;2;6;0,3333;3,5
ftlati;2;6;0,3333;3,6667
pvc podne pločice;2;4;0,5;5,75
cena vestacke trave za fudbal;2;4;0,5;1,5
podne obloge;1;1230;0,0008;38,126
dunk shop galerija;1;1101;0,0009;8,6667
visina kosa;1;1027;0,001;1,0837
duzina kosarkaskog terena;1;1007;0,001;1,7646
fudbalski teren dimenzije;1;868;0,0012;3,3813
odbojkaski teren;1;692;0,0014;6,4465
visina kosarkaskog kosa;1;673;0,0015;1,0981
pod;1;457;0,0022;29,7221
epoksi pod;1;457;0,0022;12,4004
epoxy podovi;1;399;0,0025;12,183
tenis u zatvorenom;1;373;0,0027;6,2574
dimenzije odbojkaskog terena;1;360;0,0028;1,625
odbojkaški teren dimenzije;1;302;0,0033;1,4536
podovi za apoteke;1;286;0,0035;21,7972
futsal teren dimenzije;1;268;0,0037;1,097
teniski teren;1;252;0,004;5,2817
padel;1;230;0,0043;7,1609
podloge za poslovne prostore;1;190;0,0053;4,5895
industrijski podovi cijena;1;187;0,0053;21,7005
veličina košarkaškog terena;1;178;0,0056;1,7022
teren za tenis dimenzije;1;174;0,0057;2,0287
podovi za ordinacije;1;161;0,0062;34,5963
epoksilni pod;1;154;0,0065;1,0974
table za koseve;1;141;0,0071;11,1206
podloge za teretane;1;137;0,0073;48,4964
pvc podne obloge;1;132;0,0076;43,4621
piklbol sport;1;130;0,0077;1,9308
teren kosarkaski;1;122;0,0082;2,4672
vinil pod u roli;1;113;0,0088;3,0708
ploce za terase;1;112;0,0089;11,5268
krov za terasu;1;105;0,0095;28,3524
precnik kosa za kosarku;1;103;0,0097;1,3204
dimenzije nba terena;1;94;0,0106;2,5532
vestacka trava za terase;1;90;0,0111;12,0111
kocke za parking;1;90;0,0111;8,2111
kako nacrtati fudbalski teren;1;87;0,0115;7,5977
industrijski podovi za terase;1;87;0,0115;12,4713
oko bazena;1;83;0,012;3,8554
padel tereni dimenzije;1;82;0,0122;1,439
podovi za kamione;1;77;0,013;6,2078
ftalata;1;75;0,0133;6,56
gumene plocice za pod;1;73;0,0137;8,4795
pod za letnjikovac;1;67;0,0149;9,5522
obloga za bazene;1;66;0,0152;3,303
plocice za garazu;1;64;0,0156;23,6406
iznajmljivanje kosarkaskog terena;1;63;0,0159;9,746
podloga za stajanje;1;59;0,0169;6,5254
zid za tenis;1;58;0,0172;8,7241
plastična podloga;1;56;0,0179;9,4643
pod za bazen;1;56;0,0179;3,9107
antistatik podloga;1;56;0,0179;11,0893
ploce za terasu;1;55;0,0182;10,8727
odbojkaski tereni;1;52;0,0192;3,1923
košarkaški obruč dimenzije;1;51;0,0196;1,2745
providni podovi;1;50;0,02;2,44
podne obloge za terase srbija;1;50;0,02;9,86
podloga za travnjak;1;50;0,02;5,64
plocice za radionice;1;50;0,02;8,2
kosarkaski kos;1;49;0,0204;11,6531
teniski teren trava;1;49;0,0204;4,9796
teniski teren cena;1;49;0,0204;8,2245
pod u garaži;1;46;0,0217;8,8913
plastična podloga za pod;1;46;0,0217;10,4565
linoleum beograd;1;46;0,0217;23,3478
kosarkaski kos za dvoriste;1;44;0,0227;9,3409
obloga oko bazena;1;44;0,0227;1,1364
ftalate;1;44;0,0227;21,0909
epoksid pod;1;43;0,0233;7,4186
podloge za teniske terene;1;42;0,0238;5,9286
postavljanje vinila preko parketa;1;41;0,0244;10,9512
tenis podloge;1;40;0,025;9,35
podovi beograd;1;40;0,025;21,625
podovi za kombi vozila;1;40;0,025;6,65
podne podloge;1;40;0,025;22,825
podloge za travu;1;39;0,0256;1,3077
gumene ploce za terasu;1;39;0,0256;4,0256
gumeni pod za teretanu;1;38;0,0263;24,8421
pod za kombi;1;37;0,027;9,0541
ploče za garažu;1;37;0,027;8,4865
montazni kos;1;36;0,0278;8,4167
podloga za fudbal;1;36;0,0278;6,4444
pvc podne obloge za terasu;1;36;0,0278;10,6667
kocke za garazu;1;36;0,0278;15,3889
pvc ploce za podove;1;35;0,0286;9,4
vinil rolne;1;34;0,0294;5,1765
podloge za podove;1;34;0,0294;25,3529
parking kocke;1;33;0,0303;6,2727
pvc podni paneli;1;32;0,0312;9,4375
ploce oko bazena;1;32;0,0312;8,4688
koš sa tablom;1;32;0,0312;11,9062
dimenzije terena za odbojku na pijesku;1;32;0,0312;1,5312
podovi za letnjikovac;1;32;0,0312;7
bergo xl;1;31;0,0323;5,1935
koš za košarku cena;1;31;0,0323;9,0645
vinil podovi beograd;1;31;0,0323;33,7419
gumeni pod;1;30;0,0333;25,0667
kako nacrtati kosarkaski teren;1;29;0,0345;1,1724
gumeni podovi za garaže;1;29;0,0345;11,0345
pod na terasi;1;28;0,0357;10,5714
gumene podloge za pod;1;28;0,0357;24,1786
gumene ploče;1;28;0,0357;54,9643
plasticne kocke za garazu;1;28;0,0357;8,6786
obloga bazena;1;27;0,037;1,4074
plasticna podloga za terasu;1;26;0,0385;8,2308
terasa podloga;1;26;0,0385;6,9231
zglobni obruc za kosarku;1;26;0,0385;11
spanoulis court;1;24;0,0417;2,8333
kosarkaski obruc dimenzije;1;24;0,0417;2,5833
mreza za parking;1;24;0,0417;5,0833
visina kosa tabla za kos dimenzije;1;23;0,0435;3,2609
podloga za padel teren;1;23;0,0435;4,8261
3x3 teren;1;23;0,0435;2,7391
ploče za travnjak;1;23;0,0435;8,7391
vestacka trava podloga;1;22;0,0455;10,8182
podovi za terase cena;1;21;0,0476;9,7143
plasticne podloge za terasu;1;21;0,0476;9,0952
podloga da ne raste trava;1;21;0,0476;8,4286
cena vestacke trave;1;21;0,0476;9,3333
pvc ploce za terasu;1;21;0,0476;9,5238
gumeni odbojnici za zid;1;21;0,0476;7,2381
epoksidni podovi za kucu;1;20;0,05;11,65
guma za garazu;1;20;0,05;11,5
industrijski pod cijena;1;19;0,0526;20,8421
podna podloga za terasu;1;18;0,0556;7,5556
podovi za terase srbija;1;17;0,0588;8,7059
podna obloga za garazu;1;17;0,0588;7,6471
jeftina vestacka trava;1;16;0,0625;29
obruc i tabla za kosarku;1;16;0,0625;15,8125
guma za podove;1;16;0,0625;42,6875
terasa podovi;1;15;0,0667;17,2
antistatik pvc;1;15;0,0667;5,9333
plastične ploče za terase;1;15;0,0667;8,7333
plasticne ploce za dvoriste;1;15;0,0667;6,2
vinil za terasu;1;15;0,0667;9,7333
parket za sportske dvorane;1;15;0,0667;7,8
kosarkasko igraliste dimenzije;1;13;0,0769;1,7692
podne prostirke za terasu;1;13;0,0769;9,3077
gumene podloge za bazene;1;13;0,0769;8,7692
tartan ploce;1;13;0,0769;10,4615
pvc za pod;1;13;0,0769;9,9231
led reflektori za sportske terene;1;13;0,0769;7,6923
tabla i kos za kosarku;1;12;0,0833;13,4167
tabla za koš;1;12;0,0833;18
podloga za vrtne staze;1;12;0,0833;7,5
plastične kocke za dvorište;1;12;0,0833;6,0833
gumene pločice;1;12;0,0833;12,9167
obloge preko pločica;1;12;0,0833;8,8333
velicina table za kos;1;12;0,0833;1
oprema za teniske terene;1;11;0,0909;16,5455
plastične podloge za pod;1;11;0,0909;10,3636
stalati;1;11;0,0909;4,2727
plocice preko parketa;1;11;0,0909;5,2727
plasticna podloga za parking;1;11;0,0909;1
guma za radionice;1;10;0,1;10,3
prostirka za balkon;1;10;0,1;4,8
linoleum preko plocica;1;10;0,1;10,3
podne obloge za terasu lidl;1;9;0,1111;11,6667
gumene podloge za dvoriste cena;1;9;0,1111;7,7778
podovi od gume;1;9;0,1111;19,3333
vestacka trava galerija podova;1;9;0,1111;30,1111
gumeni pod rolna;1;9;0,1111;34,4444
esd pod;1;9;0,1111;1,5556
laminat za terasu;1;9;0,1111;11,1111
podloge za vanjske sportske terene;1;8;0,125;6,375
vestacka trava kod kineza;1;8;0,125;21,5
vinil ploče;1;8;0,125;61,5
pvc kocke za pod;1;8;0,125;9,25
obruč za koš;1;8;0,125;12,625
obloge za balkon;1;8;0,125;24,625
plocice za garaze;1;7;0,1429;6,7143
jeftine podne obloge;1;7;0,1429;9,5714
kos i tabla;1;7;0,1429;9,4286
dimenzije terena za futsal;1;7;0,1429;1
zglobni obruc za kos;1;7;0,1429;8,4286
bergo elite marble grey;1;6;0,1667;21,5
pvc podovi u roli;1;6;0,1667;5,1667
padel u zatvorenom;1;6;0,1667;12,8333
kosevi za dvoriste cena;1;6;0,1667;9,1667
lvt ploce cena;1;6;0,1667;17,6667
senzor pokreta za svetlo;1;5;0,2;31,4
gumene podloge za radionice;1;5;0,2;6,6
vestacka trava antracit;1;5;0,2;1
podne obloge za balkone;1;5;0,2;26,8
podna obloga terasa;1;5;0,2;8,4
teren pickleball;1;5;0,2;4
pvc podovi za terasu;1;5;0,2;10
podovi za šatore;1;5;0,2;10,2
vestacka trava prodaja;1;5;0,2;16,8
plasticni raster za parking;1;5;0,2;35,8
laminat preko plocica;1;5;0,2;21
vinil podovi za vanjske terase;1;4;0,25;10,5
epoksidni podovi za dvoriste;1;4;0,25;14
modularni podovi cena;1;4;0,25;9,25
kosevi za sobu;1;4;0,25;38
tvrda guma u pločama;1;4;0,25;17,75
gumene podne pločice;1;4;0,25;11,25
вештачка трава;1;4;0,25;32,25
paneli za podove;1;4;0,25;11,75
antas line beograd;1;4;0,25;1
zaštita za podove;1;4;0,25;41,25
mobilni kos za kosarku;1;4;0,25;4
klik klak pod za garažu;1;4;0,25;30
pod hale;1;4;0,25;7,75
vinil podloge;1;4;0,25;21
podest za bazen;1;3;0,3333;7,3333
linoleum 3x3;1;3;0,3333;1,6667
pod za teretane;1;3;0,3333;34,3333
koš i tabla za košarku;1;3;0,3333;12,3333
pvc paneli za podove;1;3;0,3333;28,3333
plasticna podloga za pod;1;3;0,3333;10,6667
podovi za magacin;1;3;0,3333;3
prodaja vestacke trave;1;3;0,3333;19,3333
basket kos;1;3;0,3333;3,6667
kocke za terasu;1;3;0,3333;10
reflektori za stadione;1;3;0,3333;13
pvc puzzle;1;3;0,3333;8,6667
linoleum za pod;1;2;0,5;35,5
za košarku;1;2;0,5;1,5
plasticna podna obloga;1;2;0,5;17
ibotac podovi;1;2;0,5;20
pvc pod u roli;1;2;0,5;7,5
klik ploce za terasu;1;2;0,5;5
daj mi skicu;1;2;0,5;3
tekuća plastika za podove;1;2;0,5;2,5
гумени подови;1;1;1;22
oprema za igrališta;1;1;1;1
commercial flooring;1;1;1;7
materijal za epoksidne podove;1;1;1;8
gumene podloge za igralista;1;1;1;46
industrial flooring;1;1;1;7
kak to izgleda;1;1;1;2
rubber flooring;1;1;1;1
pvc vinil podovi;1;1;1;22
postavljanje vestacke trave cena;1;1;1;5
podovi za podrum;1;1;1;7
postolje za koš;1;1;1;10
indoor basketball court near me;1;1;1;7
igrališta;1;1;1;1
expona;1;1;1;1
gde moze da se kupi?;1;1;1;4
tepih za garazu;1;1;1;12
plocice za staze oko kuce;1;1;1;2
lvt click;1;1;1;3
talasi;1;1;1;1
sta je najbolje;1;1;1;4
podaj wiecej;1;1;1;6
gde se moze kupiti u srbiji;1;1;1;4
pod za vrt;1;1;1;2
epoksi podovi;0;648;0;26,5324
najbrza podloga u tenisu;0;562;0;15,6975
fudbalske kopacke vestacka trava;0;518;0;18,1371
expona clic;0;388;0;38,3995
piklbol;0;383;0;11,4099
ploče za terase;0;376;0;22,867
es d;0;340;0;7,5
stamparije;0;339;0;18,8761
područja sa zaštitom od elektrostatičkog pražnjenja;0;334;0;6,0539
podovi za hemijsku industriju;0;329;0;6,5532
podovi za trzne centre;0;329;0;16,8784
oprema za piklbol;0;325;0;16,8862
padel tereni;0;321;0;36,5919
podovi za vikendice;0;303;0;21,4455
us open tereni;0;296;0;8,9291
dužina košarkaškog terena;0;294;0;1,7143
sljaka tenis;0;293;0;3,2765
prečnik koša;0;274;0;1,1387
nba teren dimenzije;0;274;0;2,7628
dimenzije terena za tenis;0;271;0;1,952
podloga za bazen;0;269;0;55,948
esd;0;253;0;7,5692
podne obloge beograd;0;250;0;61,572
epoksidni podovi cena po m2;0;242;0;9,938
vanjske podne obloge;0;239;0;79,3724
vestacka trava cena;0;223;0;33,4619
dimenzije tenis terena;0;221;0;7,543
dimenzije terena za mali fudbal;0;209;0;18,4306
štamparije;0;207;0;48,4541
duzina odbojkaskog terena;0;183;0;2,2787
terena;0;183;0;5,2022
tenis teren dimenzije;0;182;0;2,489
padel tenis;0;178;0;10,6404
postavljanje vinila preko pločica;0;176;0;29,9773
kopačke veštačka trava adidas;0;173;0;40,8555
podna obloga;0;172;0;40,2326
dimenzija teniskog terena;0;163;0;2,8098
podovi za zdravstvene objekte;0;162;0;26,6852
podovi za prehrambenu industriju;0;160;0;35,4937
podovi za bolnice;0;159;0;29,3836
veličina teniskog terena;0;158;0;2,019
dekorativni podovi cena;0;152;0;35,0395
obloge za bazene;0;150;0;4,0067
dekorativni podovi;0;149;0;37,906
polirani betonski podovi;0;148;0;73,6622
velicina padel terena;0;147;0;1,2789
podloga za podove;0;144;0;40,25
podloga za bazene;0;144;0;23,7917
protivklizni podovi;0;144;0;53,7639
poslovno obeležavanje prostora;0;136;0;39,2279
dimenzije terena;0;135;0;2,3111
dimenzije terena za fudbal;0;130;0;2,4308
lepak za lvt;0;124;0;52,0403
sportska oprema za kosarku;0;123;0;51,1951
krov i pod;0;122;0;6,3852
slajs valjevo;0;119;0;8,7563
lvt pod;0;116;0;20,1466
podovi najam;0;115;0;75,6
prodaja podova;0;112;0;87,0804
galerija dunk shop;0;110;0;8,6182
tenis u staklu;0;109;0;6,3578
basketball;0;107;0;6,9159
podloge za zaštitu poda;0;106;0;57,8113
ugradnja podova;0;106;0;84,4057
teren za mali fudbal dimenzije;0;105;0;6,9143
vinil u roli;0;104;0;5,6538
vinil ploce;0;104;0;69,0096
šljaka tenis;0;103;0;4,8738
epoksidni podovi cena;0;102;0;6,7451
za terase podovi;0;102;0;7,7549
teniske podloge;0;100;0;8,16
poliuretanski pod;0;100;0;77,93
шљака;0;99;0;6,8081
padel na zatvorenom;0;97;0;6,6495
veštačka trava cena;0;96;0;34,1458
lvt;0;96;0;37,0521
terea dimenzije;0;95;0;12,4105
dimenzije teniskog igrališta;0;95;0;2,3474
dodaci za košarkaški trening;0;94;0;21,117
pickleball teren;0;93;0;3,6129
oprema za parkirališta;0;92;0;76,8913
odbojka teren dimenzije;0;92;0;1,3043
dunkshop galerija;0;88;0;8,8182
podne obloge za garaže;0;85;0;24,7882
madera podovi;0;85;0;18,3059
podovi za farmaceutsku industriju;0;84;0;39,5357
podne ploče;0;82;0;47,7317
terea cene u srbiji;0;82;0;63,1463
us open teren;0;82;0;3,4634
teren padel;0;80;0;4,5375
sportske terene;0;79;0;51,7468
veličina fudbalskog terena;0;79;0;1
podloga za masažne bazene;0;79;0;72,038
esd sistemi;0;78;0;31,3077
tenisko igralište dimenzije;0;77;0;1,974
plasticne ploce za garazu;0;77;0;8,1039
basketball court;0;77;0;1,8052
tabla za kos;0;77;0;12,961
krov za terase;0;76;0;41,7632
laminat preko parketa;0;76;0;46,1053
pvc esd;0;76;0;82,6053
teren basket;0;76;0;7,5789
teniski tereni dimenzije;0;76;0;1,8947
tenis dimenzije terena;0;75;0;1,8533
koševi za dvorište;0;73;0;9,589
epoxy podovi za terase;0;73;0;17,6027
mekana gumena podloga;0;72;0;7,1528
dizajn ploce;0;72;0;39,9167
ftalati u kozmetici;0;71;0;9,9296
терен;0;70;0;3,2857
lines loptice;0;70;0;30,8714
mali fudbal na travi;0;69;0;6,4203
holkeri za podove;0;68;0;20,6324
epoxy floor;0;67;0;8,8209
velicina odbojkaskog terena;0;66;0;1,9091
trava za dvoriste;0;66;0;20,1515
podna obloga za terase;0;65;0;21,7077
dimenzija fudbalskog terena;0;65;0;1
odbojka teren;0;65;0;2,7846
teniski tereni;0;65;0;32,3077
prostirke za terasu;0;65;0;43,5385
klik ploče za terasu;0;64;0;6,4844
fudbalski stadion dimenzije;0;64;0;1,2031
duzina kosarkaskog igralista;0;64;0;2,5156
cavalio grey ash;0;63;0;47,9683
umjetna trava;0;62;0;25,9677
pvc podloga;0;61;0;14,4426
podovi za skladišta;0;58;0;14,6207
epoksidni podovi iskustva;0;58;0;47,0172
velicina fudbalskog terena;0;58;0;1,8966
oprema za poslovne prostore;0;57;0;44,9123
podovi za proizvodne hale;0;57;0;4,8596
dimenzije stadiona za fudbal;0;56;0;1
expona click;0;56;0;27,9821
pod za balkon;0;55;0;27,6545
kosarka dimenzije terena;0;55;0;1,8909
koje su dimenzije fudbalskog terena;0;53;0;1
futsal teren;0;53;0;14,4528
industrijski usponi;0;53;0;20,0566
trava za terasu;0;53;0;27,3396
padel igralište;0;53;0;1,7736
ploče za podove;0;53;0;11,0377
gumirana podloga;0;53;0;10,3585
podovi za hladno vrijeme;0;52;0;39,6154
najjeftinije podne obloge;0;52;0;21,75
slice valjevo;0;52;0;8,7692
krov terase;0;52;0;46,1346
amicus beograd;0;51;0;9,1569
industrijski brusevi;0;51;0;69,1373
dimenzije fudbalskog stadiona;0;51;0;1
dimenzije obruča koša za košarku;0;50;0;1,06
antikorozivni podovi;0;50;0;7,06
koš crtež;0;49;0;4,3673
спортски терени;0;48;0;9,0417
хидроизоловање пода;0;48;0;21
podne podloge za terasu;0;48;0;8,3958
ploce za pod;0;47;0;40,2979
тениски терен;0;46;0;5,6304
ftalați;0;46;0;71,6957
epoxy podovi cena;0;46;0;3,0435
podne obloge za vrt;0;46;0;78,6304
kopacke vestacka trava adidas;0;45;0;36,9778
spanulis zvezda;0;45;0;8,4889
vinil podovi cena;0;45;0;53
pvc plocice za pod;0;44;0;13,0682
gumene podloge;0;44;0;62,1818
podloga za podne obloge;0;43;0;20,6279
balkon u krovu;0;43;0;82,7907
teren za fudbal;0;42;0;9,5952
industrijski podovi za radionice;0;41;0;5,7805
slika košarkaškog terena;0;41;0;1,1463
podne ploce;0;41;0;13,3171
vodootporni podovi;0;41;0;81,3902
piklbol oprema;0;41;0;27
kosarkaski tereni beograd;0;41;0;12,0732
bumperi;0;41;0;7,6585
lvt vinil podovi;0;41;0;9,8537
es.d;0;40;0;8,425
cavalio projectline;0;40;0;70,9
teren za odbojku na pesku dimenzije;0;40;0;2,475
površina teniskog terena;0;40;0;2,5
povrsina teniskog terena;0;39;0;2,4872
odbojkaski teren crtez;0;38;0;1,2632
industrijski podovi za garaže cijena;0;38;0;20,7895
dimenzije odbojkaskog terena na pijesku;0;38;0;1,9474
podovi za klanice;0;38;0;34,2632
vinil podovi;0;37;0;44,5405
modularni pod;0;37;0;9,2162
lidl podne obloge;0;37;0;7,7027
epoksi podovi iskustva;0;37;0;60,6216
sportska oprema za odbojku;0;37;0;38,7027
stale za konje;0;36;0;14,5833
podovi za stomatoloske ordinacije;0;36;0;32,9167
lepljenje pločice preko pločica;0;36;0;74,3889
plastika za pod;0;36;0;7,7222
industrijski podovi izrada;0;36;0;49,1389
modularni podovi;0;35;0;12,9429
ploče za pod;0;35;0;45,4857
smolni pod;0;35;0;6
terene;0;35;0;3,2571
padel igralište dimenzije;0;34;0;1
visina kosa za kosarku;0;34;0;2,1471
tereni;0;34;0;9,7059
spoj parketa i pločica;0;34;0;43,3824
sportske rn podloge;0;34;0;37,2353
industrijski betonski podovi;0;33;0;43,8788
anti statik;0;33;0;7,2121
podloga za teretanu;0;33;0;41,8788
table za kos;0;33;0;10,0606
industrijski epoksidni podovi;0;32;0;29,5625
teniski tereni beton;0;32;0;4,0312
vanjski podovi;0;32;0;67,5625
tereni za padel;0;31;0;8,2581
kvarcni pesak za vestacku travu;0;31;0;14,2581
stopa podna univerzalna;0;31;0;28,4839
podne obloge za terase pevec;0;31;0;79
padel tenis pravila;0;30;0;90,4333
gumeni podovi za garaže cijena;0;30;0;15,7
visina teniske mreze na sredini;0;30;0;5,4667
velike kancelarije;0;30;0;65,0667
epoksidni;0;30;0;1,3
gumena podloga za bazen;0;30;0;37,6
teren za fudbal dimenzije;0;30;0;1
veštačka trava za dvorište;0;30;0;14,9333
tartan teren;0;30;0;6,8
podna obloga spolja;0;29;0;9,2759
kako napraviti kos;0;29;0;6,1034
pločice za garažu;0;29;0;37,9655
kos visina;0;28;0;1,1786
cijena izgradnje teniskog terena;0;28;0;13,5
kosarkaski reket;0;28;0;1
podovi za hodnike;0;28;0;49,3214
sta staviti preko starih plocica;0;28;0;3,5357
pickleball teren dimenzije;0;28;0;5,5
poliuretanski podovi;0;28;0;64,8929
plastične podne obloge za terase;0;28;0;10,5714
gumeni podovi cena;0;27;0;39
pop tenis;0;27;0;9,1852
fudbalski teren crtez;0;27;0;9,963
specijalizirane teniske podloge;0;27;0;28,7778
trava za sportske terene;0;27;0;9,8889
tenis trava;0;27;0;4,9259
konstrukcija kosa;0;27;0;8,4444
futsal dimenzije terena;0;26;0;1,1154
dimenzije kosarkaski teren crtez;0;26;0;1,1538
plastične kocke za travu;0;26;0;8,8846
tecna plastika za podove;0;26;0;13,8462
industrijski čistač pločica;0;25;0;52,8
podne obloge za terasu uradi sam;0;25;0;38,6
konstrukcija za kosarkasku tablu;0;25;0;8,88
linoleum podovi cene;0;25;0;69,04
teniski zid;0;25;0;8
dužina teniskog terena;0;25;0;1,32
vinil pod;0;25;0;61
епоксидни подови;0;24;0;14,4583
esd oprema;0;24;0;14,6667
gumene podloge za industriju;0;24;0;9,0417
veštačka;0;24;0;6
pod za garaže;0;24;0;10,0833
teren za odbojku na pijesku dimenzije;0;24;0;2,0833
piklbol tereni;0;24;0;11,9167
trava;0;24;0;22,7083
epoksidni podovi za stanove;0;23;0;14,3043
tenis od zid;0;23;0;8
dimenzija košarkaškog terena;0;23;0;2,3913
koja je visina kosa;0;23;0;1,0435
površina fudbalskog terena;0;23;0;4,0435
plasticni pod za terasu;0;23;0;9,8261
moderne podne obloge;0;22;0;47,5
epoxy repair;0;22;0;10,5
precnik kosa;0;22;0;1,1364
industrijski podovi u kući;0;22;0;10,1364
bergo lvt flooring;0;22;0;41,1818
vinil rolna;0;22;0;5,7727
podni paneli;0;22;0;9,9091
plastične pločice za pod;0;22;0;8,8182
velicina teniskog terena;0;22;0;3,1364
zaštita za kablove;0;22;0;14,2273
tecni podovi;0;22;0;8,4091
lvt podloga;0;21;0;10
teren odbojke;0;21;0;1
konstrukcija koša za košarku;0;21;0;6,1429
epoksidni podovi slike;0;21;0;15,1429
pvc podloge za pod;0;20;0;10,65
fudbalski teren slike;0;20;0;8,25
trake za obelezavanje;0;20;0;15,9
zeleni tepisi za terase;0;20;0;83,3
terasa pod;0;20;0;15,4
liteshot;0;20;0;4,85
drvene podne obloge;0;20;0;69,55
linoleum podovi;0;20;0;21,6
kos za dvoriste cena;0;19;0;8,9474
kompozitni podovi;0;19;0;68,3684
koliko je visok koš;0;19;0;1
izgled kancelarije;0;19;0;80
linije za teniski teren;0;19;0;7,7368
teren za padel cena;0;19;0;44,4211
podovi za vanjske terase;0;19;0;65,7368
kosarkaski teren iznajmljivanje;0;19;0;11,7368
sljake;0;19;0;1,0526
podloge za golf teren;0;19;0;75,3158
tenis;0;19;0;12,1579
tenis beton;0;19;0;2,2632
terase oko bazena;0;19;0;42,4211
bergo elite graphite grey;0;19;0;39,8947
gumene obloge;0;19;0;61,8421
podne obloge za terase uradi sam;0;18;0;4,1111
obradovic spanoulis;0;18;0;8
spoljni podovi;0;18;0;49,3889
plastične podloge;0;18;0;10,2222
podloge u tenisu;0;18;0;9,6111
oprema za padel;0;18;0;50,4444
gumeni krov;0;18;0;7,7222
ploče za terasu;0;18;0;21,4444
epoxy pod mane;0;18;0;69,0556
podovi za dnevnu sobu;0;18;0;76,3333
epoksi podovi cena;0;18;0;2,7778
vestacka;0;18;0;15,2778
standardna visina koša;0;18;0;1,0556
podloge za terene;0;17;0;2,7647
pod za teretanu;0;17;0;31,3529
dimenzije fudbalskih terena;0;17;0;6,4706
tenis teren;0;17;0;5,5294
koš visina;0;17;0;1,1176
unutrašnje podne obloge;0;17;0;76,7059
teren za futsal dimenzije;0;17;0;1,1765
ftalater;0;17;0;87,2353
podloga;0;17;0;9,7647
podloga za zaštitu poda;0;17;0;39
trava za dvorista;0;17;0;38,4706
epoksidni podovi uradi sam;0;17;0;24,8235
podovi za balkone;0;17;0;17,4706
teren za mali fudbal;0;17;0;29,1176
tabla i obruc za kosarku;0;17;0;11,4118
teren za kosarku iznajmljivanje;0;17;0;13,7647
lite shot;0;17;0;5,6471
antiklizne podloge za proizvodnje;0;17;0;9,2941
izopropil benzen;0;17;0;9,5294
pod za bazene;0;17;0;5,7059
cijena teniskog terena;0;17;0;19,0588
spanulis obradovic;0;16;0;8,625
epoxy pod;0;16;0;21
podna podloga;0;16;0;34,3125
baštenske podne obloge;0;16;0;6,375
podloge za teretanu;0;16;0;33,75
krov na terasi;0;16;0;9,5625
duzina teniskog terena;0;16;0;2,9375
galerija podova vestacka trava;0;16;0;31,1875
plastični pod;0;16;0;12,875
pvc za podove;0;16;0;7,4375
poliuretanska smola za podove;0;16;0;48,6875
podłoga do padla;0;16;0;84,6875
plastika za krov terase;0;16;0;8
pod za radionu;0;16;0;24,6875
odbojka na pijesku dimenzije terena;0;16;0;1,9375
vinil imitacija betona;0;16;0;35,5625
podovi za servise;0;16;0;2,6875
epoksidni podovi za garaze;0;16;0;19,625
cena;0;15;0;3,8
epoxy pod cena;0;15;0;6,8
dupli pod;0;15;0;41,6667
gumena podloga za pod;0;15;0;35,8
kupole za terase;0;15;0;34,8667
tenis na zatvorenom;0;15;0;7,8
basketball court near me;0;15;0;6,2667
tartan podloga ugradnja;0;15;0;10,2
pvc kocke za dvoriste;0;15;0;6,8
podloga za bazen uradi sam;0;15;0;15,4
štala za konje;0;15;0;29,6667
premaz preko betona;0;15;0;49,0667
industrijski podovi vanjski;0;15;0;61,6
paletne obloge;0;15;0;31,7333
industrijski podovi za stanove;0;15;0;5,0667
plasticna mreza za parking;0;15;0;4,3333
podloga za pod bazen;0;15;0;50,9333
pod za garazu pvc;0;15;0;8,1333
epoxy flooring;0;15;0;5,0667
košarci kosarkaski teren;0;15;0;24,8667
i servise;0;15;0;43,9333
expo podovi;0;14;0;7,9286
kos crtez;0;14;0;7,0714
gumeni podovi za brodove;0;14;0;13,3571
teren.;0;14;0;6
dodatna sportska oprema za futsal;0;14;0;30,7857
velicina fudbalskog stadiona;0;14;0;1
trava za;0;14;0;43,2143
podloga za radionice;0;14;0;5,9286
podnice oko bazena;0;14;0;38,4286
za parking;0;14;0;8,2143
tereni za odbojku;0;14;0;2,7857
prostirka za sedenje na travi;0;13;0;6,6154
spanoulis;0;13;0;10
resenje za ravan krov;0;13;0;5,4615
pvc guma;0;13;0;13,0769
vestacka trava na terasi;0;13;0;18,7692
gumijasta podloga za bazen;0;13;0;53,3846
fudbalsko igraliste dimenzije;0;13;0;1,1538
koliko je visok kos za kosarku;0;13;0;3,5385
podloge za balkone;0;13;0;13,3846
tereni us open;0;13;0;8,3077
zelena trava za terasu;0;13;0;11,1538
podloge za bazen;0;13;0;51,6154
podloga za plocice;0;13;0;75,1538
dvorišta gumeni podovi za terase;0;13;0;2
plasticne obloge za pod;0;13;0;21,8462
dunk shop ja 3;0;13;0;4,2308
vodootporni pod za terasu;0;13;0;46
pod za terasa;0;13;0;17,6923
лепљење плочица на тераси;0;13;0;86,9231
podne obloge za vanjske terase;0;13;0;62,6154
košarka oprema;0;13;0;73,1538
под;0;12;0;17,1667
dimenzije stadiona;0;12;0;1,0833
lvt vinil;0;12;0;14,25
priprema podloge za terasu;0;12;0;32,6667
sta je industrijski pod;0;12;0;7,75
štale za konje;0;12;0;9,75
podovi novi sad;0;12;0;43,25
podne ploce za dvoriste;0;12;0;14,9167
dimenzije terena za badminton;0;12;0;1
антистатик;0;12;0;14,8333
zatvoreni padel tereni;0;12;0;8,4167
podloga za auto;0;12;0;8,25
ploce za bastu;0;12;0;10,1667
zastita za pod;0;12;0;45,4167
pokrov za terase;0;12;0;8,5833
pod bazen;0;12;0;79
smolasti podovi;0;12;0;9,1667
epoxy pod za terasu;0;12;0;8,9167
vinil podne obloge;0;12;0;54,4167
geocross;0;12;0;4,8333
teren za futsal;0;12;0;7
sta staviti na pod terase;0;12;0;26,1667
basket;0;12;0;7,6667
guma za pod;0;12;0;26,0833
димензије кошаркашког терена;0;12;0;1,1667
gumirani pod;0;11;0;21
podloga za tla;0;11;0;5,5455
server soba;0;11;0;38,5455
parking od sljunka;0;11;0;6,2727
терен одо;0;11;0;3,5455
ftaláty;0;11;0;65,6364
gume za podove;0;11;0;23,5455
spanoulis aris;0;11;0;8,9091
standardna visina kosa za kosarku;0;11;0;3,2727
industrijski pod u kuci;0;11;0;7,9091
tereni na us openu;0;11;0;9
esd подложки за под;0;11;0;45
kako nacrtati kos;0;11;0;7,0909
lvt podne obloge;0;11;0;7,8182
industrijske podloge;0;11;0;5,6364
koja je visina kosa u kosarci;0;11;0;1,7273
kosarkaski teren slike;0;11;0;1
pravila za piklbol;0;11;0;20,9091
ploce za travu;0;10;0;6,4
piklbol beograd;0;10;0;9,7
prečnik obruča koša;0;10;0;1,1
kako nacrtati igralište;0;10;0;3,7
za terasu podloga;0;10;0;8,1
topli pod;0;10;0;52,8
tereni za fudbal;0;10;0;10,4
klik pločice za terasu;0;10;0;9
kako nacrtati koš;0;10;0;6,5
plastične podloge za terase;0;10;0;5,2
puzzle podne obloge za garaže;0;10;0;8,5
podloga za balkone;0;10;0;5,7
teniski teren cijena;0;10;0;14,4
gumirane podne obloge;0;10;0;27,9
vjestacka trava;0;10;0;31,2
teren za bocanje dimenzije;0;10;0;4
podovi za teretanu;0;10;0;39,4
ja 3 dunk shop;0;10;0;5,2
podloge za terase uradi sam;0;10;0;8,4
dodatna oprema za kosarku;0;10;0;43,5
tc galerija;0;10;0;10,7
padel.teren;0;10;0;3,4
pod terasa;0;9;0;12,1111
slika terena;0;9;0;8,6667
pod za baste kafica;0;9;0;1,3333
pvc podovi za kupatilo;0;9;0;40,8889
podloga za jacuzzi;0;9;0;42,5556
podni pvc paneli;0;9;0;13,1111
sportski podovi itf5;0;9;0;24,5556
u garažu;0;9;0;3,1111
podnice za terase;0;9;0;24,7778
laminat za terase;0;9;0;10,5556
teren za boćanje dimenzije;0;9;0;1,1111
teren odbojka;0;9;0;1
table za koš;0;9;0;12,3333
tabla i kos;0;9;0;13,2222
podloge ispod bazena;0;9;0;1
gumene podloge za auto;0;9;0;8
podne plocice za garazu cena;0;9;0;16,6667
hibridna trava;0;9;0;69,3333
podne obloge od drveta;0;9;0;59,6667
betonski podovi za terase;0;9;0;16,7778
visina mreze za odbojku;0;9;0;1,3333
dimenzije sportskih terena;0;9;0;2,4444
vinil podovi u roli;0;9;0;6,2222
dunk shop;0;9;0;44,5556
ekspona;0;9;0;16,5556
спортски терен;0;9;0;5
пвц подови;0;9;0;8,4444
esd antistatik;0;9;0;3,8889
dimenzije gola u fudbalu;0;9;0;60,8889
epoksidni podovi beograd;0;9;0;10,8889
sit trava;0;9;0;5,3333
bergo ultimate plus;0;9;0;7
epox podovi;0;9;0;41,5556
zaštita kablova;0;8;0;15,875
parking pod;0;8;0;4,875
krovne terase;0;8;0;39,375
expona domestic;0;8;0;31,375
gumena podloga za igralista cena;0;8;0;29
ergonomske podloge;0;8;0;3,75
teron podne obloge;0;8;0;6,25
falati;0;8;0;3,625
gumene obloge za podove;0;8;0;31,25
podna obloga za balkon;0;8;0;25,125
spanoulis kids;0;8;0;4,625
ploce za oblaganje kombija;0;8;0;7,125
tereni za tenis;0;8;0;31,75
basketball terrain;0;8;0;2
izrada padel terena;0;8;0;12,375
za krov;0;8;0;7,125
košarkaška tabla;0;8;0;22,75
košarkaške table i obruči;0;8;0;9,875
košarkaški stručnjak spanulis;0;8;0;2,75
pickleball novi sad;0;8;0;10,75
tartan guma;0;8;0;12
antistaticka podloga;0;8;0;6
polovna veštačka trava;0;8;0;11,875
ploce parking;0;8;0;9,75
kosarkaski;0;8;0;3,75
podloge za vanjske terase;0;8;0;9,75
kolike su dimenzije fudbalskog terena;0;8;0;1
duzina fudbalskog terena;0;8;0;13,25
guma za terase;0;8;0;2,875
epoxy za terase;0;8;0;18,75
vještačka trava cijena;0;8;0;8,25
p.o.d.;0;8;0;23,5
podloge za parking staze;0;8;0;20,25
okolo bazena;0;8;0;7,875
garaza pod;0;8;0;7,5
kolika je duzina kosarkaskog terena;0;8;0;1,5
padel teren cijena;0;8;0;87,25
skica terena;0;8;0;6,25
outdoor basketball court;0;8;0;1,125
koliko je dug kosarkaski teren;0;8;0;3
za basket;0;7;0;4,8571
odignuti podovi;0;7;0;23,8571
pod od epoksidne smole;0;7;0;29,7143
veštačka trava za terase;0;7;0;14,4286
podloga za teretanu cena;0;7;0;12,7143
конструкција коша;0;7;0;16,8571
polivinil ploče;0;7;0;8,4286
tenis ub;0;7;0;10,7143
epoxy floors;0;7;0;9,8571
plasticne podloge za garaze;0;7;0;8,1429
teren za mali nogomet dimenzije;0;7;0;53,1429
vinil preko plocica;0;7;0;14,8571
slika;0;7;0;9,4286
podovi od epoksi smole;0;7;0;12
drvena podloga za terasu;0;7;0;18,4286
krovovi za terase;0;7;0;37,5714
zaštitna podloga za parket;0;7;0;60,2857
teniski teren cijena izgradnje;0;7;0;20,1429
krovovi za terase slike;0;7;0;39,5714
obloge za bazen;0;7;0;1,4286
plastične podne obloge;0;7;0;19
košarkaška tabla sa obručem;0;7;0;12,1429
balon za fudbal cena izgradnje;0;7;0;32,7143
industrijska guma za podove;0;7;0;32,7143
sportske hale;0;7;0;8,8571
plastični pod za terase;0;7;0;21,1429
odbojnik za zid;0;7;0;9,2857
podloge za tla;0;7;0;6,7143
konstrukce branek a košů;0;7;0;77,2857
antistak;0;7;0;7,1429
фталати це;0;7;0;77,7143
visina mreže za odbojku;0;7;0;1,1429
esd antistatic;0;7;0;6,1429
epoxy industrijski podovi;0;7;0;8,7143
tc galerija prodavnice;0;7;0;7,5714
visina odbojkaske mreze za muskarce;0;7;0;1
podloga u olovci;0;7;0;46,7143
epoxy podovi iskustva;0;7;0;30
prilaz za auto;0;7;0;3,8571
podlaga za konje;0;7;0;30,4286
uradi sam podloge za terasu;0;7;0;1,7143
pod za garaza;0;7;0;5,2857
padel tereni prodaja;0;7;0;14,7143
unutarnji tereni;0;7;0;82,8571
visina kosarkaskog obruca;0;7;0;1,4286
gumeni pod za kombi;0;7;0;8,1429
antistatična podloga;0;7;0;4,4286
podloge za igralista;0;7;0;7,7143
zaštita za pod;0;7;0;36,7143
terron podna obloga;0;6;0;20,8333
zaštita parking mjesta;0;6;0;22,1667
podloga za igralište;0;6;0;8,1667
podloga za linoleum;0;6;0;39,6667
veštačka trava cijena;0;6;0;11
betonsko sace za parking cena;0;6;0;11
expona commercial dryback;0;6;0;52,1667
pod basket;0;6;0;1,8333
podne obloge za radionu;0;6;0;12,3333
staje za konje;0;6;0;8,5
veštačlka trava;0;6;0;33,6667
kosarkasko igraliste;0;6;0;10,8333
esd guma;0;6;0;7,5
šljake;0;6;0;1,1667
trava tenis;0;6;0;5,5
bergo elite stone grey;0;6;0;33,6667
basketball belgrade;0;6;0;5,1667
expona clic 19db;0;6;0;1
vinil pod u rolni;0;6;0;1,8333
podne obloge za dvorišta;0;6;0;1,1667
podovi za camce;0;6;0;19,6667
padel sport;0;6;0;9
tenis na betonu;0;6;0;1,5
pvc ploce za dvoriste;0;6;0;8,3333
padel teren cena izgradnje;0;6;0;11,5
индустријски роботи;0;6;0;7,3333
терена;0;6;0;2,1667
linoleum u roli;0;6;0;64,8333
plasticne plocice;0;6;0;10,1667
elektricitet u telu;0;6;0;46,6667
gumeni podovi cijena;0;6;0;32
antipod;0;6;0;74,5
parket preko plocica;0;6;0;8,8333
teren de padel;0;6;0;2,3333
pvc obloge za terase;0;6;0;12,3333
gumena podloga za dvoriste;0;6;0;4,1667
padel tereni izgradnja;0;6;0;14,1667
dunk shop beograd;0;6;0;51,3333
sirina teniskog terena;0;6;0;3
plastične obloge za terase;0;6;0;28,8333
obradovic spanulis;0;6;0;9,5
samolepljivi vinil podovi;0;6;0;58,8333
obloga za bazen;0;6;0;25,1667
podovi za terase uradi sam;0;6;0;1
drvene podloge za terasu;0;6;0;14,6667
plastificirani podovi;0;6;0;22,3333
baletski pod cena;0;6;0;13,3333
industrijska traka;0;6;0;19,8333
antistatička podloga;0;6;0;21,8333
plastične kocke za terase;0;5;0;8,6
ecotile esd;0;5;0;8,4
mere fudbalskog terena;0;5;0;2,6
padeltenis;0;5;0;6,8
tartan podlaga;0;5;0;40,2
kompjuterski podovi;0;5;0;64,2
dunk shop beograd photos;0;5;0;14,2
podloga za teraso;0;5;0;17,6
tenis na travi;0;5;0;61,6
p o d;0;5;0;33,6
moze;0;5;0;2
podloga za spoljne terase;0;5;0;9,2
teniski teren trava beograd;0;5;0;5,8
tartan ploče;0;5;0;8,8
tabla za kos cena;0;5;0;19,4
plasticni krov za terase;0;5;0;7,8
stubovi za odbojku;0;5;0;30,8
epoksi za terase;0;5;0;18
tabla za košarku cena;0;5;0;20
plasticne kocke za bastu;0;5;0;9,4
plasticne ploce za podove;0;5;0;12,2
laminat za poslovni prostor;0;5;0;6,6
sve za kosarku;0;5;0;80
ploce za travnjak;0;5;0;18,4
epoxi podovi;0;5;0;8,4
epoksidna smola podovi;0;5;0;25,6
epoksidni podovi 3d;0;5;0;89
tabla i obruc za kos;0;5;0;12,6
pod od smole;0;5;0;20,8
epoksidni podovi novi sad;0;5;0;28,8
m es d;0;5;0;7,4
kosarkaski teren beograd na vodi;0;5;0;1,2
parking zastita;0;5;0;34
detailing garaze;0;5;0;9,2
materijal za pokrivanje terase;0;5;0;64,6
teren tenis;0;5;0;3,4
epoksi podovi cena po m2;0;5;0;9,4
epoksi podovi za terase;0;5;0;10,4
pod parking;0;5;0;4,4
epoksi pod cena;0;5;0;7,6
kosarkaski teren dunavski kej;0;5;0;35,2
epoks podovi;0;5;0;10
kosarkaski teren slika;0;5;0;1
vinil beton;0;5;0;9,2
sta je padel;0;5;0;4,4
gumena podloga za auto;0;5;0;29,6
gumene podloge za podove;0;5;0;25,8
пвц под;0;5;0;19,6
precnik kosarkaskog obruca;0;5;0;1,6
karta basket terena;0;5;0;22,8
500*7;0;5;0;19
bergo multisport;0;5;0;18,6
vestacka trava cena m2;0;5;0;37
pvc klik ploce;0;5;0;6,2
sta je piklbol;0;5;0;31,8
antistatik epoksi;0;5;0;7
vestačka trava;0;5;0;11,6
tvrda podloga tenis;0;5;0;7,4
ball;0;5;0;5,2
podovi za sobe;0;5;0;25,2
fero beton cena;0;5;0;1
basket 3x3;0;5;0;9,6
iscrtavanje linija igrališta;0;5;0;10,2
gumeni zaštitni profili ivica;0;5;0;31,4
povrsina kosarkaskog terena;0;5;0;1,4
sportska dimenzija;0;5;0;4,6
одбојкашки терен;0;5;0;1
sportski pod itf5;0;5;0;4,4
vanjski pod otporan na kišu;0;5;0;77,8
epoxy podovi cena po m2;0;5;0;10,6
zaštitni profili za ivice;0;5;0;49
ftelati;0;5;0;2,8
seme trave za fudbalske terene;0;5;0;31,4
koja je cena;0;5;0;2,8
slike;0;5;0;10,2
epoxy smola za podove;0;5;0;74,4
podloge za vrt;0;5;0;6
sta staviti na terasu umesto plocica;0;5;0;9,4
hibridna trava cena;0;5;0;7,2
visina kosa u evropi;0;4;0;2,75
table za kosarku crna gora;0;4;0;28,5
galerija podova staze;0;4;0;14
popločavanje terase;0;4;0;68
popravak vinil podova;0;4;0;15,25
obloge za podove;0;4;0;53,25
piklbol igra;0;4;0;8,5
dekorativni betonski podovi;0;4;0;57
popločavanje parkinga;0;4;0;6
epoksi smola pod;0;4;0;39,25
deck tile;0;4;0;11,5
od poda do krova;0;4;0;9,75
lijevani podovi;0;4;0;70,5
епоксиден под;0;4;0;6,75
indoor basketball courts near me;0;4;0;7
epoksidni podovi cijena po m2;0;4;0;23,5
dimenzije terena 3x3;0;4;0;2
epoksidni pod cena;0;4;0;3,25
tvrda guma u pločama cena;0;4;0;16,5
bergo xl graphite grey;0;4;0;29,5
vještačka trava;0;4;0;7,5
ub tenis;0;4;0;9
vestacka trava za bastu;0;4;0;9,25
plastika za travu;0;4;0;8
drvene obloge za terase;0;4;0;61,5
sportska oprema za futsal;0;4;0;48,75
za garazu;0;4;0;6,5
падел тенис;0;4;0;8,25
dimenzije kosarkaskog terena nba;0;4;0;1,75
najisplativije mesto za kupovinu epoksida;0;4;0;6,5
obeležavanje rsdnih mesta;0;4;0;3,75
najbolje kancelarije;0;4;0;75
tenis zid;0;4;0;13,5
teniski zid beograd;0;4;0;9,5
vestacka tepih trava cena;0;4;0;34,5
garazne plocice;0;4;0;8,5
tenis padel;0;4;0;5,5
garaže;0;4;0;15,75
dimenzije teniskog terena za singl;0;4;0;5,75
dimenzije nogometnog igrališta;0;4;0;1
uradi sam podovi za terase;0;4;0;1,75
p.o.d;0;4;0;5,25
valjak za teniske terene;0;4;0;21,75
padel tereni beograd;0;4;0;50,5
odbojnici;0;4;0;24
parking garage ploce;0;4;0;8
sala za basket;0;4;0;9,75
odbojkaški teren na pijesku dimenzije;0;4;0;3,5
mali fudbal dimenzije terena;0;4;0;1,75
spanulis izdaja;0;4;0;3,75
pesak za travu;0;4;0;9,25
teren sport;0;4;0;5
gumena podloga za teretanu;0;4;0;25,75
vestacka trava cena srbija;0;4;0;38,25
rukometni teren dimenzije;0;4;0;25
parket plocice;0;4;0;70
spanulis aris;0;4;0;9,5
anti pod;0;4;0;8
prostirke za terase;0;4;0;13,25
stoni tenis;0;4;0;1
esd pvc;0;4;0;36,5
podne obloge za dnevnu sobu;0;4;0;92,5
kako izgleda industrijski pod;0;4;0;3,25
podne daske za terase;0;4;0;26
podna zaštita za kablove;0;4;0;21,5
podne obloge cena;0;4;0;82
podloga za šindru;0;4;0;20,75
basketball field;0;4;0;5,25
zamena za podne plocice;0;4;0;9,5
podni paneli za terase;0;4;0;13
isotrack;0;4;0;4,25
pod descartavel;0;4;0;89,75
pod garaže;0;4;0;8
podne obloge za terase bih;0;4;0;44,25
podne obloge za kupatilo;0;4;0;96,75
podloga za radionu;0;4;0;4,5
kopacke za vestacku travu;0;4;0;36,5
kocke za igraliste;0;4;0;9,75
kocke za travu;0;4;0;6,75
podloge za igrališta;0;4;0;6
podloga za tlo;0;4;0;8,25
top trava;0;4;0;1,75
koja je najbrza podloga u tenisu;0;4;0;9
kako zaštititi privatni parking;0;4;0;19,25
podloga za baste;0;4;0;1,25
kosarkaska tabla i obruc;0;4;0;21,5
podloga pvc;0;4;0;37,25
podložna guma za terase;0;4;0;7,5
epoxy pod za dvoriste;0;4;0;8,25
terwn;0;4;0;3,75
standardne dimenzije teniskog terena;0;4;0;3,75
vinil podovi za garazu;0;4;0;8
антас;0;4;0;1
krov za paviljon;0;4;0;53,75
ploce za oko bazena;0;4;0;5,5
željezne konstrukcije za dvorane;0;4;0;54,75
podovi od smole;0;4;0;30,5
podovi za hladno vreme;0;4;0;20,75
epoksidni premaz za terase;0;4;0;19,25
plocice parket;0;4;0;56,75
vestacka treva za terasa;0;4;0;19,25
epoxi pod;0;4;0;29,75
sljaka teren;0;3;0;2,6667
pvc polimer;0;3;0;16,6667
padel pod;0;3;0;11
dimenzije fudbalskog terena za mali fudbal;0;3;0;20,6667
3x3 shop;0;3;0;13,3333
bojke company novi sad;0;3;0;7
podna obloga za dvoriste;0;3;0;4,3333
dimenzije fudbalskog terena u srbiji;0;3;0;55,3333
zastita za podove;0;3;0;42
епоксидни подове;0;3;0;12,3333
pad teren;0;3;0;1,6667
vrste podova;0;3;0;94,3333
padel hala;0;3;0;7,3333
basketbal;0;3;0;5,6667
sportske kosarka;0;3;0;51,3333
podovi za garaže cijena;0;3;0;23
pvc podi;0;3;0;97
padel igra;0;3;0;1
pvc podne obloge cena;0;3;0;35,3333
podn gub;0;3;0;6
podloge za ispod bazena;0;3;0;1
podovi za server sale;0;3;0;2,3333
basket ball;0;3;0;9,3333
staklena tabla za kos;0;3;0;13
podovi za prikolice;0;3;0;18,3333
podloge za igraliste;0;3;0;9,3333
sta staviti umesto plocica na terasi;0;3;0;9,3333
podloga za vrt;0;3;0;6
drvene obloge za terasu;0;3;0;7,3333
bergo tiles;0;3;0;46
zaštita za zidove;0;3;0;37
sale za kosarku;0;3;0;16,6667
dimenzije terena za mali nogomet;0;3;0;55,3333
oprema za garažu;0;3;0;8
antaş;0;3;0;81,3333
dimenzije teniskih terena;0;3;0;9,6667
podloga za ispod bazena;0;3;0;41
resin floor;0;3;0;3,6667
platforma oko bazena;0;3;0;8,6667
zaštitnici in-line;0;3;0;12,3333
da li mogu da se recikliraju vejp podovi;0;3;0;12,6667
slike za garazu;0;3;0;1
podloga za pločice;0;3;0;71,6667
pod od epoksi smole;0;3;0;29,6667
zeljko i spanulis;0;3;0;9,6667
pod od epoxy smole;0;3;0;14
aris spanoulis;0;3;0;6,6667
plocice preko plocica;0;3;0;43,6667
pod i;0;3;0;9,3333
prirodna podloga;0;3;0;42,3333
pod pvc;0;3;0;5,3333
podovi od epoksidne smole;0;3;0;25,3333
spanulis court belgrade;0;3;0;4,6667
australian open podloga;0;3;0;35,3333
bazenske obloge;0;3;0;2,6667
as line;0;3;0;8,3333
podne ploče za terasu;0;3;0;16,3333
supreme v;0;3;0;2
plasticne ploce;0;3;0;10,6667
basketball court outdoor;0;3;0;2
polovni gumeni podovi;0;3;0;24
deblja podloga za bazen;0;3;0;55,3333
popravka ispucalog betona;0;3;0;16
plasticne ploce za pod;0;3;0;8,6667
polivinil podovi;0;3;0;10,3333
stopa podna;0;3;0;94,6667
polovne table za košarku;0;3;0;23,3333
dekorativni epoksidni podovi;0;3;0;60
podloga detailing;0;3;0;8,6667
vrtne podne obloge;0;3;0;70,6667
staze za travnjak;0;3;0;8,3333
puzzle pod za garazu;0;3;0;25,6667
padel tereni cena;0;3;0;24
plastika u pločama;0;3;0;23,3333
vrtne podloge;0;3;0;10,6667
dimenzije fudbalskog igrališta;0;3;0;1
pvc pod cena;0;3;0;31,3333
pvc plocice za terasu;0;3;0;8
podloga lvt;0;3;0;8
pvc ploče za terasu;0;3;0;9
подови;0;3;0;24,3333
prostirka za travu;0;3;0;11
podne obloge vanjske;0;3;0;62,3333
sports terrain;0;3;0;3
spanoulis red star;0;3;0;8,6667
cena lepljenja plocica;0;3;0;57,3333
dietil benzen;0;3;0;8,3333
prostirke za travu;0;3;0;5,6667
padel zatvoreni tereni;0;3;0;14
padel velicina terena;0;3;0;1
cementne ploče za pod;0;3;0;64,3333
tartan teren sport;0;3;0;4,6667
stedisa dimenzije;0;3;0;2
epoxy floor coating;0;3;0;13,3333
najbolja podloga za bazen;0;3;0;1
epoksidna smola pod;0;3;0;37,6667
najbolja umjetna trava;0;3;0;10
epoxy smola pod;0;3;0;9
teren u;0;3;0;10
vinil podovi uradi sam;0;3;0;10
gumena podna obloga;0;3;0;45,3333
hidratantna podloga;0;3;0;21,3333
epoxy podloga;0;3;0;14
konstrukcija za parking;0;3;0;7,6667
koš cena;0;3;0;17
terasa na garazi;0;3;0;6,6667
epoxy podovi srbija;0;3;0;52
twren;0;3;0;6,3333
koliko košta;0;3;0;2,3333
gume za teretanu;0;3;0;39,6667
ferobeton debljina;0;3;0;7
epoxid pod;0;3;0;7,6667
dužina odbojkaškog terena;0;3;0;3
gumiran pod;0;3;0;20,6667
trava za balkon;0;3;0;9,6667
gumene staze;0;3;0;50,3333
metalni podovi;0;3;0;25,3333
trava slike;0;3;0;1
mini fudbal dimenzije terena;0;3;0;1
keramičke pločice za garažu;0;3;0;9,6667
folije za podove;0;3;0;60
durastripe supreme v;0;3;0;13,3333
izrada industrijskih podova;0;3;0;11
trava za terase;0;3;0;12
durastripe;0;3;0;2
gumene podloge cena;0;3;0;44,6667
može;0;3;0;10
forma ideale vestacka trava;0;3;0;21,6667
mreza za odbojku visina;0;3;0;37,3333
teren tartan;0;3;0;6,6667
neklizajuce podloge;0;3;0;8,3333
ltv podovi;0;3;0;9,3333
vanjske gumene podloge;0;3;0;31,3333
drveni podovi za terase;0;3;0;51,6667
epoksid podovi;0;3;0;10
vestacke trave;0;3;0;23
industrijski pod u stanu;0;3;0;6
kosarkaske pozicije;0;3;0;3
kosarkaska tabla cena;0;3;0;16
liveni podovi;0;3;0;45,3333
galerija prodavnice;0;3;0;12,3333
obloge za pod;0;3;0;21,3333
terron podne obloge;0;3;0;12,6667
epoksi za podove;0;3;0;36
garazi za avtomobili;0;3;0;45,3333
industrijski podovi za stan;0;3;0;12,3333
kos kosarka;0;3;0;10,3333
obruc za kos uradi sam;0;3;0;10
teniski tereni cena;0;3;0;14,6667
izgradnja padel terena cena;0;3;0;36,3333
koš;0;3;0;27
epoksi smola za podove;0;3;0;41,6667
terrn;0;3;0;4
kosevi prodaja;0;3;0;64,3333
kosarkaski kosevi;0;3;0;25,6667
terasa materijali;0;3;0;48,6667
guma za teretanu;0;3;0;29
termini za fudbal cena;0;3;0;51,6667
kako se krecu cene;0;2;0;4
vinil;0;2;0;57,5
podloga balkon;0;2;0;5
beogradcafe;0;2;0;61
kako se igra padel;0;2;0;33
sta je padel teren;0;2;0;1,5
podne obloge pvc;0;2;0;51,5
podni premazi;0;2;0;70,5
sprunli;0;2;0;3,5
basketball court arena;0;2;0;7
baskettball;0;2;0;7
basketball courts near me;0;2;0;4,5
sprunkli;0;2;0;8
ésd;0;2;0;5,5
šljunak za parking cijena;0;2;0;4
podni oblogi za terasa;0;2;0;4
trava za nogometna igrališta;0;2;0;3
podovi i paneli;0;2;0;46
podovi linoleum;0;2;0;8
trava za igralista;0;2;0;4,5
basketball court 3x3;0;2;0;5
podne obloge za terase jysk;0;2;0;31,5
zemlja za teniski teren;0;2;0;18,5
etil laktat;0;2;0;12
podovi epoksidna smola;0;2;0;34
podloga za motor;0;2;0;10
kos crtež;0;2;0;3,5
zaštita za parking;0;2;0;33,5
kos prodaja;0;2;0;9
stala za konje;0;2;0;73,5
betonski teniski teren;0;2;0;2,5
podloga za teretane;0;2;0;42
zaštita za zid;0;2;0;7
epoxy podovi cijena;0;2;0;20
kos basket;0;2;0;1
zaštita za terasu;0;2;0;48,5
podloga za atletske terene;0;2;0;3,5
zastita za ivice zidova;0;2;0;8,5
podloga za asfalt;0;2;0;17
podloga do garazu;0;2;0;10
kosarkaske;0;2;0;10
zastita za kablove;0;2;0;18
thanasis spanoulis;0;2;0;4,5
podloga za igralista;0;2;0;7
epoxy near me;0;2;0;4
kos za zid;0;2;0;8,5
kos za kosarku za dvoriste;0;2;0;13
fudbalski tereni;0;2;0;44,5
vinil imitacija parketa;0;2;0;15,5
zelena podloga;0;2;0;6,5
kocke za balkon;0;2;0;7
koja je cena po m2;0;2;0;2
trake za pod;0;2;0;9,5
bergo nova;0;2;0;30,5
trava vestacka za terasu;0;2;0;20,5
kako se postavlja veštačka trava;0;2;0;17,5
bergo floor;0;2;0;55
klik ploče;0;2;0;8,5
klik ploce;0;2;0;14
koliko je visok kos;0;2;0;1
bergo unique graphite grey;0;2;0;63
zaštitna podloga za pod;0;2;0;65,5
zaštita zida od udaraca;0;2;0;42
topli podovi;0;2;0;58,5
sta staviti preko brodskog poda;0;2;0;31
vinil lvt podovi;0;2;0;9,5
bergo tennis court;0;2;0;38,5
kolekcija opreme za padel;0;2;0;39
podloge za betonske podove;0;2;0;51
koliko je dugačak fudbalski teren;0;2;0;3,5
expona commercial;0;2;0;2,5
pvc na podloge;0;2;0;11
pvc obloga za bazene;0;2;0;21
pvc obloge za pod;0;2;0;8,5
puzzle za garazu;0;2;0;8,5
amonijum oksalat;0;2;0;28
ambijent podovi;0;2;0;45
pvc plocice za garazu;0;2;0;7
guma za stale cena;0;2;0;19
pvc ploče za terase;0;2;0;8,5
gume za pod;0;2;0;25,5
pvc paneli podni;0;2;0;11
pvc parking;0;2;0;6
ftalaat;0;2;0;79,5
unique pod;0;2;0;1,5
prostirke za pod na metar;0;2;0;12
spanoulis zvezda;0;2;0;9,5
promjer kosa za kosarku;0;2;0;1
gumene ploce cena;0;2;0;45
spanoulis age;0;2;0;5
spanoulis action;0;2;0;4
gumena podloga cena;0;2;0;49,5
gumena podloga za radionicu;0;2;0;6
gumena podloga za igraliste;0;2;0;10
prostor za jezdenje;0;2;0;41,5
?;0;2;0;4
sala za kosarku iznajmljivanje;0;2;0;69,5
3x3 dunkshop;0;2;0;10,5
galerija podova vestacka trava cena;0;2;0;3,5
garaza za detailing;0;2;0;7,5
3x3 futsal;0;2;0;10
vanjske terase podovi;0;2;0;7,5
sintelon vestacka trava;0;2;0;28,5
sirina;0;2;0;8
vanjski podovi za terase;0;2;0;40
3d podovi;0;2;0;56,5
galerija podova bar;0;2;0;8
server sala;0;2;0;9,5
smola podovi;0;2;0;52
pvc podne ploce;0;2;0;19
gde ima da se kupi;0;2;0;2
500/7;0;2;0;8
ftalatai;0;2;0;38
pvc podne obloge u roli;0;2;0;7
rent a pod;0;2;0;81,5
ftalāti;0;2;0;62,5
garazu;0;2;0;5
500 *7;0;2;0;6,5
ftalaty;0;2;0;3,5
reket u kosarci;0;2;0;2
anti static;0;2;0;7
podovi za terase cijena;0;2;0;20,5
берго;0;2;0;1
sportske dvorane;0;2;0;6,5
basket ball court;0;2;0;1,5
podovi za skelu;0;2;0;24,5
tuli vrsac;0;2;0;12
sport pod;0;2;0;5,5
vestacka trava za balkon;0;2;0;9,5
automobilske staze;0;2;0;61,5
vestacka trava za pod;0;2;0;36,5
sportska trava;0;2;0;9,5
u srbiji;0;2;0;3,5
basketbal belgrado;0;2;0;10,5
što je padel;0;2;0;1,5
što staviti na pod terase;0;2;0;35
podovi od epoxy smole;0;2;0;30
industrijski tepisi;0;2;0;6,5
sportske slike;0;2;0;81,5
апликативна трака за обележавање привремених ознака на путу;0;2;0;14
industrijski pod slike;0;2;0;1
basket belgrado;0;2;0;10
farba za terasu;0;2;0;3,5
industrijski podovi jagodina;0;2;0;37
podovi za kucu;0;2;0;54,5
ukrasna trava za terasu;0;2;0;54,5
gumene staze za dvorista;0;2;0;14
antistati;0;2;0;4,5
gumene prostirke za pod;0;2;0;14,5
spanulis izdao obradovica;0;2;0;7
umjetna trava za igrališta;0;2;0;79
potovi za baraz;0;2;0;9,5
antiklizne podloge;0;2;0;4
fralati;0;2;0;1,5
gumene ploče za dvorište;0;2;0;12
gumene podne obloge za garažu;0;2;0;6
vestacka trava cene;0;2;0;29,5
gumene podloge cijena;0;2;0;39
gumirane podloge;0;2;0;15
ulcinjska beograd;0;2;0;37
polukugle za parking;0;2;0;26,5
падел;0;2;0;11
poliuretanski točkovi;0;2;0;43,5
vestacka trava srbija;0;2;0;5
postavljanje gumenih podloga;0;2;0;26
postavljanje pvc podova;0;2;0;14,5
spanulis monako;0;2;0;9
gumeni podovi za kuhinje;0;2;0;46
floor epoxy;0;2;0;56
gumeni podovi u roli;0;2;0;46
pikabl;0;2;0;1
lvt podovi iskustva;0;2;0;47,5
visina kosarkaskega kosa;0;2;0;2
visina odbojkaske mreze;0;2;0;34
dekorativni podovi za terase;0;2;0;10
epoksi podovi cijena;0;2;0;21
pir senzor;0;2;0;11
lvt obloga;0;2;0;9
piklbol pravila;0;2;0;26
epoksi podovi za garaze;0;2;0;33
lvt ploče;0;2;0;32
matija nilevic;0;2;0;12
parking od tucanika;0;2;0;10,5
teren padel dimensiuni;0;2;0;2
parket na parket;0;2;0;2,5
wetra veld;0;2;0;89,5
teren teren;0;2;0;1
pesak za travnjak;0;2;0;72
elektro statik;0;2;0;5,5
talne obloge za terase;0;2;0;59,5
parking row;0;2;0;7
target podovi;0;2;0;35,5
deck builder;0;2;0;11
epoksidna smola podovi cena;0;2;0;1
plastične ploče za terasu;0;2;0;8,5
daj mi slike;0;2;0;10,5
daj sliku;0;2;0;14
linoleum cena;0;2;0;86,5
vinil za pod;0;2;0;76
za sale;0;2;0;11,5
lepljenje plocica preko plocica;0;2;0;39,5
epoksidna smola za podove;0;2;0;8
za pod;0;2;0;38
plastične rešetke za pod;0;2;0;7,5
vinilne podne obloge;0;2;0;57,5
plasticne podne obloge;0;2;0;7,5
plasticne kocke za parking;0;2;0;5,5
plasticna podloga za garazu;0;2;0;7,5
tabla za košarko dimenzije;0;2;0;1,5
plasticne raster ploce;0;2;0;1
za detailing;0;2;0;7
vinil za podove;0;2;0;81,5
teren za odbojku na pijesku;0;2;0;47
plasticne resetke za dvoriste;0;2;0;7,5
epoksid za pod;0;2;0;21
oprema za košarku;0;2;0;88
volleyball court near me;0;2;0;8,5
do kos;0;2;0;8
tenisko igraliste;0;2;0;8
omeksivac stetnost;0;2;0;13,5
oprema za sajmove;0;2;0;8
dunk shop galerija beograd;0;2;0;10,5
najvece dimenzije fudbalskog terena;0;2;0;43,5
nehomogena podloga;0;2;0;34
oprema za tenis terene;0;2;0;16,5
tenis pop;0;2;0;6,5
drvene podne obloge za terase;0;2;0;10
drvene kocke za terasu;0;2;0;67,5
odbojka slike;0;2;0;12,5
kombinacija parketa i pločica;0;2;0;9,5
teniski tereni beograd cena;0;2;0;44,5
teniski tereni grocka meni;0;2;0;5
obloga za balkon;0;2;0;42,5
održavanje teniskih terena;0;2;0;10
obloge za kombi;0;2;0;88,5
drvene podne obloge za terasu;0;2;0;23
obloge za pločnik;0;2;0;61,5
visina trave na nogometnom terenu;0;2;0;3
mosolut;0;2;0;2
padel zatvoreni teren;0;2;0;5,5
moze cene;0;2;0;1,5
padel teren izgradnja;0;2;0;16
teren de baschet;0;2;0;91
ecotil;0;2;0;5,5
vruća plastika za staze;0;2;0;20
pallacanestro;0;2;0;3,5
egzoticni podovi;0;2;0;87
padel.tenis;0;2;0;1
dimensiuni teren padel;0;2;0;2
dupli podovi;0;2;0;44
tenis beograd;0;2;0;1
tenis dimenzije;0;2;0;1
najjeftinija podloga za pod;0;2;0;33
paddle teren;0;2;0;1
dimenzije igrališta za nogomet;0;2;0;1
padel na zatvorenom beograd;0;2;0;20
tekstilne podne obloge;0;2;0;40,5
padel mere;0;2;0;2,5
dimenzije hokejaskog terena;0;2;0;3
dimenzije gola za fudbal;0;2;0;59,5
plastični podovi za terase cijena;0;2;0;19
epoxi floor;0;2;0;10,5
epoksidni podovi za kuhinje;0;2;0;18
kosarkaski strucnjak spanulis;0;2;0;2,5
cijena betonskih podova;0;2;0;99,5
terenza;0;2;0;3,5
cena?;0;2;0;1,5
kosevi za kucu;0;2;0;9,5
court basketball;0;2;0;3
ploce za balkon;0;2;0;10
ploče za terase i staze;0;2;0;9,5
košarkaški kos;0;2;0;1
cijena;0;2;0;6
ploče od reciklirane plastike;0;2;0;16
zamena za epoksi smolu;0;2;0;44
cena epoksidnih podova;0;2;0;37
pod otporan na vlagu;0;2;0;44,5
epoxy flor;0;2;0;10,5
koseve;0;2;0;5
cena veštačke trave;0;2;0;9
lanac za parking;0;2;0;51,5
pod epoksidna smola;0;2;0;45,5
vinil podovi srbija;0;2;0;65
pločice za radionu;0;2;0;7
terencije;0;2;0;1
cartelas bergo;0;2;0;2
vinil restoran;0;2;0;10,5
cavalio lvt;0;2;0;30,5
crna podloga;0;2;0;48,5
stoni basket;0;1;0;25
vinil podovi postavljanje;0;1;0;59
tere n;0;1;0;3
раван кров;0;1;0;97
vestacka trava cena po m2;0;1;0;43
stale;0;1;0;6
tenis antas;0;1;0;6
под за гараж;0;1;0;7
vestacka trava iskustva;0;1;0;40
spanoulis family;0;1;0;5
спанулис;0;1;0;2
vinil podovi debljina;0;1;0;8
tenis line;0;1;0;6
vestacka trava beograd;0;1;0;10
tere ne;0;1;0;8
ulozna trava;0;1;0;1
spanulis crvena zvezda;0;1;0;10
spanilis;0;1;0;4
teren kosarka;0;1;0;1
vinil podloga;0;1;0;12
tenis igralište dimenzije;0;1;0;1
spanelli;0;1;0;4
tc galerija beograd;0;1;0;5
tc galerija radnje;0;1;0;8
teren asocijacija;0;1;0;7
плаващ под;0;1;0;2
umjetna trava za sportske terene;0;1;0;9
terea zelena;0;1;0;17
teren asocijacije;0;1;0;11
umjetna trava za nogomet cijena;0;1;0;46
teren de basket;0;1;0;1
terenza land;0;1;0;2
tipovi tenis;0;1;0;7
teren construibil;0;1;0;3
stala za konja;0;1;0;2
tile floor install;0;1;0;12
tere n.;0;1;0;1
teni;0;1;0;12
паркинг решетка;0;1;0;8
zaštita za kablove na podu;0;1;0;13
spanoulis obradovic;0;1;0;5
stoni tenis banovo brdo;0;1;0;2
spanuli;0;1;0;3
tigar gumeni podovi cena;0;1;0;19
spanoulis pao;0;1;0;14
umjetna trava za terase;0;1;0;6
zatvoreni teniski tereni beton beograd;0;1;0;49
tenisit cena;0;1;0;7
vjestacka trava cijena;0;1;0;9
slike kosarke;0;1;0;25
staza od tucanika;0;1;0;1
staze za pod;0;1;0;61
teniski teren beograd;0;1;0;1
vinil podovi cena srbija;0;1;0;52
sliku;0;1;0;2
tenisko igralište;0;1;0;12
фталаты в пластике;0;1;0;96
static pod;0;1;0;6
zastita tla;0;1;0;2
slike?;0;1;0;32
statički elektricitet;0;1;0;88
teniski tereni podgorica;0;1;0;12
skica;0;1;0;6
velika trava;0;1;0;26
јагодина;0;1;0;1
teniski teren slojevi;0;1;0;11
vjestacka trava crna gora;0;1;0;25
sjenila za parking;0;1;0;39
terrain de basket;0;1;0;3
velike puzzle za pod;0;1;0;15
zastita za cevi;0;1;0;34
slika kosa;0;1;0;29
stazice za dvoriste;0;1;0;9
zastita za coskove zidova;0;1;0;15
skladište;0;1;0;13
цена;0;1;0;2
тераса;0;1;0;6
terasa krov;0;1;0;50
zastita za parking;0;1;0;11
vrsta trave;0;1;0;35
uradi sam gumene podloge;0;1;0;21
upozorenje;0;1;0;2
tepih vestacka trava;0;1;0;42
zastita za parking mesto;0;1;0;12
teten;0;1;0;1
terase vestacka trava kod kineza;0;1;0;24
terase na krovu;0;1;0;37
тенис;0;1;0;12
sto staviti oko bazena;0;1;0;34
spalunis;0;1;0;2
smolni;0;1;0;9
uređenje poda terase;0;1;0;97
sljunak za staze;0;1;0;57
vodootporna podloga;0;1;0;97
velike terase;0;1;0;1
stari parket;0;1;0;1
tenisku;0;1;0;4
zanimaju me;0;1;0;1
zanima me lokacija;0;1;0;9
stitnici za kolena;0;1;0;1
uradi sam podloga za terasu;0;1;0;1
uradi sam podne obloge za terasu;0;1;0;3
tepih trava cena po m2;0;1;0;37
tepih trava vestacka;0;1;0;30
smola za podove;0;1;0;44
splav;0;1;0;1
sportski brushalteri;0;1;0;2
tabla za kos prodaja;0;1;0;20
sportski grad;0;1;0;78
sportski brus;0;1;0;4
tabla za kosarka;0;1;0;10
vinilni pod;0;1;0;84
vinil polaganje;0;1;0;51
traka za pod;0;1;0;5
travnati teniski tereni srbija;0;1;0;8
vinil kocke;0;1;0;18
travne kocke;0;1;0;6
travne ploče;0;1;0;6
vinilne podloge;0;1;0;76
šta je industrijski pod;0;1;0;9
travne rešetke;0;1;0;30
supreme line;0;1;0;11
treren;0;1;0;11
sportske košarka;0;1;0;2
tabla za parking;0;1;0;10
veštacka trava;0;1;0;7
table;0;1;0;6
za balkon pod;0;1;0;16
traka za obelezavanje;0;1;0;4
travnjak;0;1;0;2
šta je padel;0;1;0;40
topli podovi linoleum cena;0;1;0;41
šta je padel sport;0;1;0;1
sportske sale za iznajmljivanje beograd;0;1;0;49
tereni za mali nogomet;0;1;0;5
sta je vinil;0;1;0;59
za kosarku;0;1;0;3
zelenilo oko bazena;0;1;0;44
tabla i obruc za kosarku cena;0;1;0;9
veštačka trava za pod;0;1;0;34
srbija;0;1;0;2
srbija beograd;0;1;0;2
trava na rolne cena;0;1;0;10
zelena trava vestacka;0;1;0;38
trava patinete;0;1;0;2
vinil wood;0;1;0;5
sta je ovo;0;1;0;6
vinil galerija podova;0;1;0;62
za napolje;0;1;0;5
teren za rukomet dimenzije;0;1;0;1
travi;0;1;0;1
šit trava;0;1;0;27
sportsko igralište;0;1;0;3
travnati teniski teren;0;1;0;64
t rava;0;1;0;10
trake meaning;0;1;0;9
zamena parketa;0;1;0;4
zidne obloge za terasu;0;1;0;68
teren za padel cena izgradnje;0;1;0;2
tabla sa kosem cena;0;1;0;36
za fudbal;0;1;0;1
ćosić podovi;0;1;0;37
veštačka trava galerija podova;0;1;0;37
zvucni senzor pokreta;0;1;0;22
želim;0;1;0;2
vestacka trava terasa;0;1;0;10
tartan materijal;0;1;0;28
tereno nude;0;1;0;3
sport;0;1;0;5
staircase epoxy flooring;0;1;0;12
stadion kosevi;0;1;0;9
sporlos;0;1;0;5
sport playground;0;1;0;11
teren za badminton dimenzije;0;1;0;1
sports pod;0;1;0;4
sport padel;0;1;0;11
sport floors;0;1;0;4
sport kos;0;1;0;7
zanima me cena;0;1;0;1
teren postavari;0;1;0;4
waterproof outdoor balcony flooring;0;1;0;13
vestacka trava odrzavanje;0;1;0;11
tartar podloga;0;1;0;9
vestacka trava kod kineza cena;0;1;0;26
stoni tenis cena;0;1;0;47
splenul;0;1;0;3
staklo za padel;0;1;0;6
vinil pod cena;0;1;0;44
vestacka trava photos;0;1;0;2
teren plus;0;1;0;7
teren padel 1v1;0;1;0;7
sta je to;0;1;0;2
vestacka trava oko bazena;0;1;0;31
падел спорт;0;1;0;10
xl terasa;0;1;0;9
vestacka treva cena;0;1;0;5
белград;0;1;0;1
what to see in belgrade serbia;0;1;0;4
turf field;0;1;0;1
tuli vrsac posao;0;1;0;20
tablu;0;1;0;2
za automobile;0;1;0;4
аи;0;1;0;8
topli podovi cena;0;1;0;42
stupovi za parking;0;1;0;48
vinil podovi srbija cena;0;1;0;70
tswite teren;0;1;0;4
vinil plocice za pod;0;1;0;54
topli pod linoleum;0;1;0;52
u pod;0;1;0;66
vestacka trava za dvoriste cena;0;1;0;30
zanima me;0;1;0;1
strunjace za pod;0;1;0;8
topli pod cena;0;1;0;87
u srbiji?;0;1;0;2
vestacka trava za dekoraciju;0;1;0;83
tacan odgovor;0;1;0;1
гумиран винил;0;1;0;10
вупу под;0;1;0;8
u cg?;0;1;0;2
sportske;0;1;0;14
taktilne trake;0;1;0;27
sta su veev podovi;0;1;0;95
fitalaty;0;1;0;5
flatati;0;1;0;8
firmu;0;1;0;3
fitalato;0;1;0;100
floor coatings;0;1;0;65
flooring services near me;0;1;0;1
flooring sport;0;1;0;4
floor line;0;1;0;8
flooring d.o.o;0;1;0;47
fatalat;0;1;0;2
fatalati;0;1;0;3
farba za travu;0;1;0;29
faslato;0;1;0;9
fero beton;0;1;0;67
fidbal;0;1;0;2
firma esd;0;1;0;4
fibas podovi;0;1;0;6
fibas vinil;0;1;0;10
fudbal na travi;0;1;0;8
fudbal teren;0;1;0;11
ftalatii;0;1;0;4
ftalats;0;1;0;12
fudbalski teren crtezi;0;1;0;8
futsal igralište dimenzije;0;1;0;1
futsal oprema;0;1;0;72
futsal 3x3;0;1;0;3
futsal flooring material;0;1;0;13
ftalaatteja;0;1;0;73
ftalaatti;0;1;0;68
foto;0;1;0;9
ftalaatit;0;1;0;76
ftalaatti haitat;0;1;0;87
ftalat syndrom;0;1;0;1
ftalati plastica;0;1;0;6
ftalar;0;1;0;4
ftalat nedir;0;1;0;73
failat;0;1;0;8
epoxy flouring;0;1;0;8
epoxy foor;0;1;0;10
epoxy floors installation;0;1;0;15
epoxy flors;0;1;0;7
epoxy garden floor;0;1;0;4
epoxy pod u stanu;0;1;0;79
epoxy podovi postavljanje;0;1;0;22
epoxy lamination;0;1;0;14
epoxy lining;0;1;0;8
epoksidni podovi cijena;0;1;0;1
epoksidni podovi za garaže;0;1;0;10
epoksidni podovi 3d cena;0;1;0;10
epoksidni podovi cena po m2 нови сад;0;1;0;18
epoxi flor;0;1;0;7
epoxy flooring basement;0;1;0;14
epoxy flooring companies;0;1;0;12
epoxi floring;0;1;0;5
epoxy floo;0;1;0;12
esd,;0;1;0;11
esr pod;0;1;0;3
esd zaštita;0;1;0;10
esd zaščita;0;1;0;11
etil benzoat;0;1;0;33
expona commercial lvt;0;1;0;7
expona domestic 5834;0;1;0;12
etil butirat;0;1;0;19
expona clic 19 db;0;1;0;44
epoxy podovi za terase cijena;0;1;0;11
epoxy resin floor;0;1;0;2
epoxy podovi slike;0;1;0;32
epoxy podovi za garaze;0;1;0;38
epoxy smola podovi;0;1;0;1
esd firma;0;1;0;9
esd floor tiles;0;1;0;8
epoxy za podove;0;1;0;25
esd anti;0;1;0;1
izgradnja teniskih terena;0;1;0;11
izliveni podovi;0;1;0;59
iservise;0;1;0;46
iso 105 b02 42 w/m2 lux;0;1;0;96
iznajmljivanje masina za pranje podova;0;1;0;55
jos;0;1;0;1
jumbo vestacka trava;0;1;0;6
izrada;0;1;0;2
izrada epoksidnih podova;0;1;0;38
industrijske plocice;0;1;0;40
industrijski beton;0;1;0;54
indoor basketball courts near me free;0;1;0;1
indoor courts basketball;0;1;0;1
industrijski i poslovni objekti;0;1;0;76
instat pod;0;1;0;6
intarzija parket;0;1;0;2
industrijski tepihi;0;1;0;8
inline hokej;0;1;0;23
koja je cijena;0;1;0;5
koja je ovo boja;0;1;0;16
kocke oko bazena;0;1;0;1
koja je cena po kvadratu;0;1;0;6
koje su cene;0;1;0;4
koliko je kos visok;0;1;0;1
koliko jedan kvadrat ima metara;0;1;0;2
kolika je cijena po m2;0;1;0;4
kolika je garancija;0;1;0;1
kako nacrtati odbojkašku loptu;0;1;0;3
kako se rade epoksidni podovi;0;1;0;12
kako izgledaju;0;1;0;4
kako nacrtati igraliste;0;1;0;4
kako to izgleda;0;1;0;1
kateri material za funkcionalni kos;0;1;0;30
klackalice za parkiranje;0;1;0;78
kalemegdan basketball court;0;1;0;8
kalemegdan kosarkaski tereni;0;1;0;8
indoor activities near me;0;1;0;59
gdje kupiti;0;1;0;8
grada za krov;0;1;0;4
gde ima u srbiji da se kupi;0;1;0;4
gde u srbiji mogu da se kupe;0;1;0;6
građevinska dozvola za teniski teren;0;1;0;3
guma u rolni;0;1;0;61
gumena podloga;0;1;0;65
greenway podovi;0;1;0;28
gt sport podloge;0;1;0;29
galerija podova photos;0;1;0;30
galerija prodavnica;0;1;0;2
fyalati;0;1;0;2
galeria podova;0;1;0;69
garaza;0;1;0;1
garažu;0;1;0;5
gde ima da se kupe;0;1;0;8
garaža;0;1;0;28
garažne pločice;0;1;0;7
hardwood refinishing;0;1;0;2
holandska trava;0;1;0;1
hajde;0;1;0;8
handmade podovi;0;1;0;99
hromna kiselina;0;1;0;54
igrica tenis;0;1;0;87
imitacija parketa;0;1;0;8
i parking;0;1;0;2
ideje za krov terase;0;1;0;32
gumene ploce gumeni podovi cena;0;1;0;6
gumene ploce za teretanu;0;1;0;26
gumena podloga za bazene;0;1;0;15
gumena staza;0;1;0;50
gumene staze za stepenice;0;1;0;66
gumeni podlogi;0;1;0;19
gumirana podloga za igralista;0;1;0;2
gumene talne obloge;0;1;0;14
gumene trake za podove;0;1;0;28
epoksidna smola za beton cena;0;1;0;3
basketbal court;0;1;0;2
basketbal l;0;1;0;8
basketall;0;1;0;5
basketb;0;1;0;13
basketball area;0;1;0;3
basketball equipment;0;1;0;14
basketball pitch;0;1;0;13
basketball court belgrade;0;1;0;1
basketball coury;0;1;0;1
basket koš;0;1;0;2
basket lane;0;1;0;21
basket ball cort;0;1;0;2
basket beograd;0;1;0;10
basket plocice;0;1;0;3
basket structure;0;1;0;4
basket-ball;0;1;0;3
basket shop;0;1;0;92
basket shoppen;0;1;0;11
bergo plošče cena;0;1;0;10
bergo sports flooring;0;1;0;8
bergo fencing;0;1;0;6
bergo flooring;0;1;0;51
bergo sportske podloge;0;1;0;9
beton;0;1;0;2
betona;0;1;0;12
bergo xl stone grey;0;1;0;56
bergo.;0;1;0;8
basketball terain;0;1;0;3
basketball.;0;1;0;8
basketball rim outdoor;0;1;0;6
basketball serbia;0;1;0;14
basketballcourt;0;1;0;1
benzil acetat;0;1;0;33
beobasket doo;0;1;0;14
baste kafica;0;1;0;36
bastenski podovi;0;1;0;10
baskeball court;0;1;0;1
a ova;0;1;0;3
a trim;0;1;0;3
a cena;0;1;0;3
a cene;0;1;0;3
akrilni podovi;0;1;0;88
an/tas-4;0;1;0;8
antas 2;0;1;0;1
an line;0;1;0;4
an.tas;0;1;0;8
332/r9843;0;1;0;9
3x3 basket;0;1;0;6
120 m2;0;1;0;1
15x10;0;1;0;2
500 * 7;0;1;0;9
500^10;0;1;0;11
80x120;0;1;0;23
500 / 7;0;1;0;3
500*0,7;0;1;0;3
backetball;0;1;0;5
balkon pod;0;1;0;5
athanasios spanoulis;0;1;0;3
az pod;0;1;0;10
ball basket;0;1;0;3
bascketball court;0;1;0;2
baskat;0;1;0;25
balon za fudbal cena;0;1;0;42
balon za kosarku;0;1;0;9
antibakterijski pod;0;1;0;40
antislip;0;1;0;5
anti slip floor;0;1;0;9
anti-statik;0;1;0;11
antistatik folie;0;1;0;10
asocijacije teren;0;1;0;47
atantas;0;1;0;1
as trava;0;1;0;1
asfalt asocijacija;0;1;0;7
dimenzije teniskog terena na vimbldonu;0;1;0;1
dimenzije terena za mini fudbal;0;1;0;1
dimenzije fudbalskog gola;0;1;0;74
dimenzije kako napraviti koš za košarku;0;1;0;1
dimenzije terena za rukomet;0;1;0;1
dodatna oprema za futsal;0;1;0;34
drvena tabla za kos;0;1;0;25
din18365;0;1;0;26
distributere;0;1;0;2
decking oko bazena;0;1;0;58
deljenje kancelarije;0;1;0;54
de sliku;0;1;0;2
deck builders;0;1;0;1
detailing garaza;0;1;0;26
dimensiune teren baschet;0;1;0;48
dimenzije;0;1;0;11
dietil etar;0;1;0;80
dietil malonat;0;1;0;25
epoksi podovi slike;0;1;0;1
epoksi smola za podove cena;0;1;0;1
eod pod;0;1;0;6
eophy;0;1;0;2
epoksi smola za terase;0;1;0;1
epoksiden pod;0;1;0;17
epoksidna smola za beton;0;1;0;1
epoksi za podove cena;0;1;0;10
epoksid smola;0;1;0;8
dunk galerija;0;1;0;9
dunk shop srbija galerija;0;1;0;6
drvene podloge;0;1;0;26
drveni pod za terasu;0;1;0;35
e500;0;1;0;10
en 14041:2004/ac:2006;0;1;0;97
en kos;0;1;0;3
elektro soba;0;1;0;54
en 14041: 2004/ac:2006;0;1;0;87
daske oko bazena;0;1;0;9
bsketball court;0;1;0;1
bsketball court near me;0;1;0;1
brodski pod na krovu;0;1;0;10
bsketbal;0;1;0;5
c003-32-lv-3-r;0;1;0;10
cavalio limed oak grey;0;1;0;43
cavalio vintage oak grey;0;1;0;27
campo da basket vicino a me;0;1;0;1
cart stopper;0;1;0;2
betonske podloge za dvoriste;0;1;0;18
bezicni senzor plakara;0;1;0;11
betonske garaze;0;1;0;88
betonske ploče za parking;0;1;0;57
blok 10 novi beograd;0;1;0;1
br13;0;1;0;1
brico antas;0;1;0;3
boja za fuge;0;1;0;45
border liner;0;1;0;11
da mi sliku;0;1;0;1
daj cenu;0;1;0;9
concrete resin floor;0;1;0;4
da beograd;0;1;0;4
daj linkove;0;1;0;5
daj mi sliku;0;1;0;7
dank shop;0;1;0;11
daj mi neke slike;0;1;0;13
daj mi sajt;0;1;0;2
cena epoxy podova;0;1;0;12
centar podnih obloga - frikom d.o.o. trebinje;0;1;0;13
cena ?;0;1;0;2
cena asfalta po m2;0;1;0;46
cetka za vestacku travu;0;1;0;36
cijene;0;1;0;1
ciscenje vinil podova;0;1;0;96
chilica pod;0;1;0;6
cijena padel terena;0;1;0;87
koliko kostaju;0;1;0;4
podloga za teren za kosarku;0;1;0;2
podloga za vinil;0;1;0;10
podloga za terasu ikea;0;1;0;60
podloga za terasu uradi sam;0;1;0;1
podloga za vinil na klik;0;1;0;48
podloge za dvoriste uradi sam;0;1;0;1
podloha;0;1;0;6
podloga za vinil podove;0;1;0;10
podloge za bazene uradi sam;0;1;0;19
podloga za futsal;0;1;0;7
podloga za hodanje;0;1;0;10
podloga za bazen od paleta;0;1;0;17
podloga za bazen stiropor;0;1;0;60
podloga za igrališta;0;1;0;5
podloga za tegolu;0;1;0;37
podloga za terasa;0;1;0;5
podloga za klizanje;0;1;0;17
podloga za rad;0;1;0;8
podne plocice kao parket;0;1;0;76
podni paneli cena;0;1;0;1
podne obloge za teretanu;0;1;0;10
podne obloge za van;0;1;0;92
podnice za terasu;0;1;0;9
podovi epoxy smola;0;1;0;1
podovi grupa;0;1;0;32
podova;0;1;0;34
podovi epoksidni;0;1;0;5
podna zastita za auto;0;1;0;55
podne gumene obloge;0;1;0;6
podmetači za ploče;0;1;0;72
podna obloga za garažu;0;1;0;9
podne kocke za terasu;0;1;0;7
podne obloge za hodnik;0;1;0;79
podne obloge za kuhinju;0;1;0;70
podne obloge linoleum;0;1;0;51
podne obloge za camce;0;1;0;47
podloga za bazen intex;0;1;0;87
plava trava odrzavanje;0;1;0;60
ploce od plute cena;0;1;0;92
plastične ploče;0;1;0;1
plastične rešetke za travu;0;1;0;7
ploce za podno grejanje;0;1;0;34
plocki za garaza;0;1;0;5
ploče parking;0;1;0;6
plocice oko bazena;0;1;0;97
plocice za oko bazena;0;1;0;98
plastati;0;1;0;10
plasticne;0;1;0;5
piklbol srbija;0;1;0;43
pine shelving;0;1;0;2
plasticne obloge za terase;0;1;0;10
plastik anti statik;0;1;0;4
plastična masa za podove;0;1;0;31
plasticne ploce za terasu;0;1;0;7
plasticne resetke za travu;0;1;0;15
podloga do garazu detailing;0;1;0;4
podloga ispod bazena;0;1;0;49
pod u konterjnerima;0;1;0;43
pod za vanjsku terasu;0;1;0;34
podloga pod bazenom;0;1;0;5
podloga za;0;1;0;3
podloga za atletske staze;0;1;0;4
podloga tartan;0;1;0;10
podloga u prahu;0;1;0;47
ploče za vrt;0;1;0;1
pločice u garaži;0;1;0;8
ploče za staze;0;1;0;63
ploče za teška vozila;0;1;0;23
pločice za vrtne staze;0;1;0;9
pod st;0;1;0;3
pod u;0;1;0;9
pod otporan na uv zrake;0;1;0;92
pod rental;0;1;0;40
pvc paneli za pod;0;1;0;15
pvc ploce;0;1;0;51
puzzle podovi cijena;0;1;0;36
pvc antistatic;0;1;0;2
pvc pod za terasu;0;1;0;18
pvc podne obloge za kupatilo;0;1;0;46
pvc podovi cijena;0;1;0;17
pvc podloga za bazen;0;1;0;10
pvc podna obloga;0;1;0;20
prostirka;0;1;0;15
prostirke za bazen;0;1;0;3
promjer košarkaškog obruča;0;1;0;1
prosečna cena;0;1;0;8
prskalice za fudbalske terene cena;0;1;0;33
pulonis;0;1;0;2
put;0;1;0;1
pssienna;0;1;0;2
pu podovi;0;1;0;13
savamar;0;1;0;174
sematski prikaz;0;1;0;21
sales pod;0;1;0;7
samoizravnavajuči podovi od epoksi;0;1;0;3
senzor pokreta za svetlo vezivanje;0;1;0;45
sintelon podovi;0;1;0;77
sirina obruca kosarka;0;1;0;1
senzori pokreta za dvoriste;0;1;0;81
sika industrijski podovi;0;1;0;12
ravan krov terasa;0;1;0;16
rekreativna;0;1;0;1
pvc pop;0;1;0;27
ravan krov;0;1;0;11
resin flooring;0;1;0;7
ručno rađeni podovi;0;1;0;54
s factory line doo;0;1;0;10
roll 50;0;1;0;11
royal boden doo;0;1;0;3
profesionalno;0;1;0;9
pokretni krov za terasu;0;1;0;36
pokriv za terasa;0;1;0;1
pokretni kos;0;1;0;17
pokretni krov za terase cena;0;1;0;28
pokrivke za terasu;0;1;0;27
polipropilen bazen;0;1;0;1
polipropilenske ploče;0;1;0;2
pokrov za terasu;0;1;0;9
police za zidove;0;1;0;40
podovi za auto prikolice;0;1;0;10
podovi za balkon;0;1;0;5
podovi sa smolom;0;1;0;10
podovi vinil;0;1;0;18
podovi za garaze kupujemprodajem;0;1;0;4
pokazi mi sliku;0;1;0;12
pokazi sliku;0;1;0;2
podovi za terasi;0;1;0;40
podzemne garaze;0;1;0;1
postolje za bazen od paleta;0;1;0;10
pot teren;0;1;0;1
postoječeg ili postojećeg;0;1;0;1
postolje za bazen;0;1;0;54
poter do garaze;0;1;0;8
privatno;0;1;0;1
profesionalni;0;1;0;6
poxy floors;0;1;0;8
pošalji sliku;0;1;0;18
poliuretanski podovi cena;0;1;0;1
poliuretanski podovi za terase;0;1;0;46
polished concrete;0;1;0;19
poliuretan podovi;0;1;0;11
poliuretanski tockovi;0;1;0;53
postavljanje vinila na pločice;0;1;0;9
postavljanje vinila na zid;0;1;0;78
postavljanje epoxy podova;0;1;0;10
postavljanje podnih obloga;0;1;0;93
piklbol novi sad;0;1;0;10
materijal;0;1;0;5
materijal za atletske staze;0;1;0;6
malonogometni teren dimenzije;0;1;0;1
masina za secenje laminata;0;1;0;3
materijal za terase;0;1;0;1
mekana podloga za dvoriste;0;1;0;9
mekane podloge za pod;0;1;0;5
mean lean;0;1;0;12
medicinski podovi;0;1;0;24
local guide program;0;1;0;1
lvt obloge;0;1;0;9
linoleum sport;0;1;0;9
linoleum za balkon;0;1;0;1
lvt pod cena;0;1;0;9
mali magacini;0;1;0;96
mali nogomet dimenzije terena;0;1;0;56
lvt podovi debljina;0;1;0;2
mali fudbal;0;1;0;2
na betonu;0;1;0;1
na otvorenom;0;1;0;2
mreža za tenis dimenzije;0;1;0;1
multipurpose courts;0;1;0;6
na terasi;0;1;0;3
nadvoresni podovi;0;1;0;28
najbrza podloga za tenis;0;1;0;11
nabavka;0;1;0;6
nadji mi ti;0;1;0;1
mini kosevi;0;1;0;7
moderni podovi za dnevni boravak;0;1;0;69
metalni pod;0;1;0;19
mineralna podloga;0;1;0;99
montažna štala za konje;0;1;0;8
moze skica;0;1;0;18
može i jedno i drugo;0;1;0;4
moze i jedno i drugo;0;1;0;9
moze neka slika;0;1;0;22
linoleum puzzle;0;1;0;10
kosarkaske stvari;0;1;0;40
kosarkaski kamp cena;0;1;0;65
kosarkaska oprema;0;1;0;39
kosarkaske lopte za beton;0;1;0;37
kosarkaski tereni ada;0;1;0;30
kosevi za dvoriste crna gora;0;1;0;34
koš za dvoriste;0;1;0;18
kosevi sa tablom;0;1;0;10
kosevi za bazen;0;1;0;17
konstrukcija za bastu;0;1;0;23
kopačke za fudbal;0;1;0;14
kombinacija plocica i parketa;0;1;0;10
konstrukcija podloge teniskih terena;0;1;0;61
kos cena;0;1;0;20
kos za kosarku cena;0;1;0;10
kos za sobu;0;1;0;34
kos kola;0;1;0;7
kos sport;0;1;0;6
linije za odbojku na pesku;0;1;0;27
linoleum antistatic;0;1;0;3
lepe slike;0;1;0;3
line;0;1;0;36
linoleum galerija podova;0;1;0;4
linoleum na terasi;0;1;0;7
linoleum podovi cena;0;1;0;39
linoleum imitacija plocica;0;1;0;20
linoleum na parket;0;1;0;7
košarkaški terena u balonu;0;1;0;20
krov terasa;0;1;0;55
košarka;0;1;0;3
košarkarski koš mere;0;1;0;1
krov za garazu;0;1;0;9
lajsne za laminat novi sad;0;1;0;1
laminate resurfacing;0;1;0;7
kvadrat trave cena;0;1;0;8
kvadrat umjetne trave;0;1;0;6
padel igraliste;0;1;0;1
padel je;0;1;0;1
padel hemijska;0;1;0;10
padel house photos;0;1;0;4
padel line;0;1;0;10
padel pravila;0;1;0;1
padel sta je;0;1;0;1
padel ploce;0;1;0;9
padel ploče;0;1;0;16
ovo drugo;0;1;0;2
pa pod;0;1;0;11
outdoor court;0;1;0;1
outside basketball courts;0;1;0;1
padal tenis;0;1;0;1
pade tenis;0;1;0;1
padel basket;0;1;0;6
paddel tenis;0;1;0;10
paddl tenis;0;1;0;11
patike za vestacku travu;0;1;0;36
pedal tenis;0;1;0;5
parking plastic;0;1;0;5
patike za fudbal za vestacku travu;0;1;0;32
pesak za travnjake;0;1;0;43
pickleball teren cijena;0;1;0;10
pickleballs;0;1;0;12
pftalati;0;1;0;1
pickleball supplier;0;1;0;5
panele lvt na klik;0;1;0;7
paneli za pod;0;1;0;37
padel teren cena;0;1;0;28
padl tenis;0;1;0;9
parket;0;1;0;3
parking;0;1;0;7
parking cover;0;1;0;6
parket sale;0;1;0;7
parketa sala;0;1;0;9
outdoor basketball;0;1;0;12
nove;0;1;0;1
nove podne obloge;0;1;0;4
nora podovi;0;1;0;5
nova vrsta tenisa;0;1;0;8
oba;0;1;0;1
obradovic spanulis izdaja;0;1;0;5
obradović spanulis;0;1;0;11
objectflor expona commercial;0;1;0;34
obloga teretnog prostora;0;1;0;5
natkrivena;0;1;0;6
nba ligi;0;1;0;10
najsporija podloga u tenisu;0;1;0;9
napolju;0;1;0;8
nearest basketball court near me;0;1;0;17
nogometni teren crtež;0;1;0;4
nogometni tereni;0;1;0;50
nema slike;0;1;0;8
nitrilna guma;0;1;0;56
odbojnik za parking;0;1;0;12
okoliš oko bazena;0;1;0;36
odbojkaško igralište;0;1;0;5
odbojnik;0;1;0;1
on court basketball;0;1;0;6
osvrti za pusic garage;0;1;0;10
otvoren prostor;0;1;0;1
oprema za fiskulturne sale;0;1;0;11
opremanje poslovnih prostora;0;1;0;74
obruc za kos cena;0;1;0;15
obruci za kos;0;1;0;17
obruc;0;1;0;32
obruc za basket;0;1;0;51
obruč za košarku;0;1;0;18
odbojkaski tereni ada;0;1;0;10
odbojkaski tereni jarun;0;1;0;9
oce neko na basket;0;1;0;3
odbojka prezentacija;0;1;0;27
